Workbook

Sheet Dashboard BI
A1: DASHBOARD EXECUTIVO / BI - MONITORAMENTO DE CÂMERAS EMBARCAÇÕES
A3: Resumo consolidado dos 12 meses. Os indicadores são alimentados automaticamente pelas abas mensais.
A5: DISPONIBILIDADE GERAL | D5: TOTAL OFFLINE | G5: EVENTOS REGISTRADOS | J5: NÃO VERIFICADOS
A6: =IFERROR(SUM(C11:C22)/(SUM(C11:C22)+SUM(D11:D22)+SUM(E11:E22)),0) -> 1 | D6: =SUM(D11:D22) -> 0 | G6: =SUM(H11:H22) -> 0 | J6: =SUM(F11:F22) -> 25667
A10: Mês | B10: Total Verificações | C10: Online | D10: Offline | E10: Manutenção | F10: Não Verificado | G10: Disponibilidade | H10: Eventos | J10: Status | K10: Consolidado
A11: Janeiro | B11: =C11+D11+E11+F11 -> 2139 | C11: =COUNTIF(Janeiro!F6:H718,"Online") -> 1 | D11: =COUNTIF(Janeiro!F6:H718,"Offline") -> 0 | E11: =COUNTIF(Janeiro!F6:H718,"Manutenção") -> 0 | F11: =COUNTIF(Janeiro!F6:H718,"Não verificado") -> 2138 | G11: =IFERROR(C11/(C11+D11+E11),0) -> 1 | H11: =COUNTA(Janeiro!I6:J718) -> 0 | J11: Online | K11: =SUM(C11:C22) -> 1
A12: Fevereiro | B12: =C12+D12+E12+F12 -> 2139 | C12: =COUNTIF(Fevereiro!F6:H718,"Online") -> 0 | D12: =COUNTIF(Fevereiro!F6:H718,"Offline") -> 0 | E12: =COUNTIF(Fevereiro!F6:H718,"Manutenção") -> 0 | F12: =COUNTIF(Fevereiro!F6:H718,"Não verificado") -> 2139 | G12: =IFERROR(C12/(C12+D12+E12),0) -> 0 | H12: =COUNTA(Fevereiro!I6:J718) -> 0 | J12: Offline | K12: =SUM(D11:D22) -> 0
A13: Março | B13: =C13+D13+E13+F13 -> 2139 | C13: =COUNTIF(Março!F6:H718,"Online") -> 0 | D13: =COUNTIF(Março!F6:H718,"Offline") -> 0 | E13: =COUNTIF(Março!F6:H718,"Manutenção") -> 0 | F13: =COUNTIF(Março!F6:H718,"Não verificado") -> 2139 | G13: =IFERROR(C13/(C13+D13+E13),0) -> 0 | H13: =COUNTA(Março!I6:J718) -> 0 | J13: Manutenção | K13: =SUM(E11:E22) -> 0
A14: Abril | B14: =C14+D14+E14+F14 -> 2139 | C14: =COUNTIF(Abril!F6:H718,"Online") -> 0 | D14: =COUNTIF(Abril!F6:H718,"Offline") -> 0 | E14: =COUNTIF(Abril!F6:H718,"Manutenção") -> 0 | F14: =COUNTIF(Abril!F6:H718,"Não verificado") -> 2139 | G14: =IFERROR(C14/(C14+D14+E14),0) -> 0 | H14: =COUNTA(Abril!I6:J718) -> 0 | J14: Não verificado | K14: =SUM(F11:F22) -> 25667
A15: Maio | B15: =C15+D15+E15+F15 -> 2139 | C15: =COUNTIF(Maio!F6:H718,"Online") -> 0 | D15: =COUNTIF(Maio!F6:H718,"Offline") -> 0 | E15: =COUNTIF(Maio!F6:H718,"Manutenção") -> 0 | F15: =COUNTIF(Maio!F6:H718,"Não verificado") -> 2139 | G15: =IFERROR(C15/(C15+D15+E15),0) -> 0 | H15: =COUNTA(Maio!I6:J718) -> 0
A16: Junho | B16: =C16+D16+E16+F16 -> 2139 | C16: =COUNTIF(Junho!F6:H718,"Online") -> 0 | D16: =COUNTIF(Junho!F6:H718,"Offline") -> 0 | E16: =COUNTIF(Junho!F6:H718,"Manutenção") -> 0 | F16: =COUNTIF(Junho!F6:H718,"Não verificado") -> 2139 | G16: =IFERROR(C16/(C16+D16+E16),0) -> 0 | H16: =COUNTA(Junho!I6:J718) -> 0
A17: Julho | B17: =C17+D17+E17+F17 -> 2139 | C17: =COUNTIF(Julho!F6:H718,"Online") -> 0 | D17: =COUNTIF(Julho!F6:H718,"Offline") -> 0 | E17: =COUNTIF(Julho!F6:H718,"Manutenção") -> 0 | F17: =COUNTIF(Julho!F6:H718,"Não verificado") -> 2139 | G17: =IFERROR(C17/(C17+D17+E17),0) -> 0 | H17: =COUNTA(Julho!I6:J718) -> 0
A18: Agosto | B18: =C18+D18+E18+F18 -> 2139 | C18: =COUNTIF(Agosto!F6:H718,"Online") -> 0 | D18: =COUNTIF(Agosto!F6:H718,"Offline") -> 0 | E18: =COUNTIF(Agosto!F6:H718,"Manutenção") -> 0 | F18: =COUNTIF(Agosto!F6:H718,"Não verificado") -> 2139 | G18: =IFERROR(C18/(C18+D18+E18),0) -> 0 | H18: =COUNTA(Agosto!I6:J718) -> 0
A19: Setembro | B19: =C19+D19+E19+F19 -> 2139 | C19: =COUNTIF(Setembro!F6:H718,"Online") -> 0 | D19: =COUNTIF(Setembro!F6:H718,"Offline") -> 0 | E19: =COUNTIF(Setembro!F6:H718,"Manutenção") -> 0 | F19: =COUNTIF(Setembro!F6:H718,"Não verificado") -> 2139 | G19: =IFERROR(C19/(C19+D19+E19),0) -> 0 | H19: =COUNTA(Setembro!I6:J718) -> 0
A20: Outubro | B20: =C20+D20+E20+F20 -> 2139 | C20: =COUNTIF(Outubro!F6:H718,"Online") -> 0 | D20: =COUNTIF(Outubro!F6:H718,"Offline") -> 0 | E20: =COUNTIF(Outubro!F6:H718,"Manutenção") -> 0 | F20: =COUNTIF(Outubro!F6:H718,"Não verificado") -> 2139 | G20: =IFERROR(C20/(C20+D20+E20),0) -> 0 | H20: =COUNTA(Outubro!I6:J718) -> 0
A21: Novembro | B21: =C21+D21+E21+F21 -> 2139 | C21: =COUNTIF(Novembro!F6:H718,"Online") -> 0 | D21: =COUNTIF(Novembro!F6:H718,"Offline") -> 0 | E21: =COUNTIF(Novembro!F6:H718,"Manutenção") -> 0 | F21: =COUNTIF(Novembro!F6:H718,"Não verificado") -> 2139 | G21: =IFERROR(C21/(C21+D21+E21),0) -> 0 | H21: =COUNTA(Novembro!I6:J718) -> 0
A22: Dezembro | B22: =C22+D22+E22+F22 -> 2139 | C22: =COUNTIF(Dezembro!F6:H718,"Online") -> 0 | D22: =COUNTIF(Dezembro!F6:H718,"Offline") -> 0 | E22: =COUNTIF(Dezembro!F6:H718,"Manutenção") -> 0 | F22: =COUNTIF(Dezembro!F6:H718,"Não verificado") -> 2139 | G22: =IFERROR(C22/(C22+D22+E22),0) -> 0 | H22: =COUNTA(Dezembro!I6:J718) -> 0

Sheet Configurações
A1: CONFIGURAÇÕES GERAIS - MONITORAMENTO DE CÂMERAS
A3: Ano Base | B3: 2026 | D3: Status | E3: Descrição
A4: Horários de verificação | B4: 10:00 | 13:00 | 16:00 | D4: Online | E4: Câmera funcionando no horário verificado
D5: Offline | E5: Câmera indisponível no horário verificado
A6: ID | B6: Nome da Câmera | C6: Embarcação/Local | D6: Status de Uso | E6: Observação
A7: CAM 01 | B7: BARU ANDES | D7: Ativa
A8: CAM 02 | B8: Câmera 02 | D8: Ativa
A9: CAM 03 | B9: Câmera 03 | D9: Ativa
A10: CAM 04 | B10: Câmera 04 | D10: Ativa
A11: CAM 05 | B11: Câmera 05 | D11: Ativa
A12: CAM 06 | B12: Câmera 06 | D12: Ativa
A13: CAM 07 | B13: Câmera 07 | D13: Ativa
A14: CAM 08 | B14: Câmera 08 | D14: Ativa
A15: CAM 09 | B15: Câmera 09 | D15: Ativa
A16: CAM 10 | B16: Câmera 10 | D16: Ativa
A17: CAM 11 | B17: Câmera 11 | D17: Ativa
A18: CAM 12 | B18: Câmera 12 | D18: Ativa
... A29: CAM 23 | B29: Reserva/Futura 10 | D29: Futura
A31: ALTERE OS NOMES DAS CÂMERAS APENAS NESTA ABA. TODOS OS MESES SÃO ATUALIZADOS AUTOMATICAMENTE.

Sheet Janeiro
A1: CONTROLE DE MONITORAMENTO DE CÂMERAS - JANEIRO
A2: Status por horário: Online / Offline / Manutenção / Não verificado. Campo livre para evento técnico e comportamento do colaborador.
M4: RESUMO DO MÊS
A5: Data | B5: Dia | C5: ID | D5: Nome da Câmera | E5: Embarcação/Local | F5: 10:00 | G5: 13:00 | H5: 16:00 | I5: Evento Técnico Online/Offline | J5: Comportamento do Colaborador | K5: Responsável | M5: Indicador | N5: Total | O5: % | P5: Meta | Q5: Observação
A6: =DATE(Configurações!$B$3,1,1) -> 46023 | B6: =TEXT(A6,"ddd") -> qui | C6: =Configurações!$A$7 -> CAM 01 | D6: =Configurações!$B$7 -> BARU ANDES | E6: =Configurações!$C$7 -> 0 | F6: Online | G6: Não verificado | H6: Não verificado | M6: Online | N6: =COUNTIF(F6:H718,"Online") -> 1 | O6: =IFERROR(N6/(N6+N7+N8),0) -> 1 | P6: >=95%
A7: =DATE(Configurações!$B$3,1,1) -> 46023 | B7: =TEXT(A7,"ddd") -> qui | C7: =Configurações!$A$8 -> CAM 02 | D7: =Configurações!$B$8 -> Câmera 02 | E7: =Configurações!$C$8 -> 0 | F7: Não verificado | G7: Não verificado | H7: Não verificado | M7: Offline | N7: =COUNTIF(F6:H718,"Offline") -> 0 | O7: =IFERROR(N7/(N6+N7+N8),0) -> 0 | P7: <=5%
A8: =DATE(Configurações!$B$3,1,1) -> 46023 | B8: =TEXT(A8,"ddd") -> qui | C8: =Configurações!$A$9 -> CAM 03 | D8: =Configurações!$B$9 -> Câmera 03 | E8: =Configurações!$C$9 -> 0 | F8: Não verificado | G8: Não verificado | H8: Não verificado | M8: Manutenção | N8: =COUNTIF(F6:H718,"Manutenção") -> 0 | O8: =IFERROR(N8/(N6+N7+N8),0) -> 0
A9: =DATE(Configurações!$B$3,1,1) -> 46023 | B9: =TEXT(A9,"ddd") -> qui | C9: =Configurações!$A$10 -> CAM 04 | D9: =Configurações!$B$10 -> Câmera 04 | E9: =Configurações!$C$10 -> 0 | F9: Não verificado | G9: Não verificado | H9: Não verificado | M9: Não verificado | N9: =COUNTIF(F6:H718,"Não verificado") -> 2138 | O9: =IFERROR(N9/(N6+N7+N8+N9),0) -> 0.99953249 | P9: zerar no fechamento
A10: =DATE(Configurações!$B$3,1,1) -> 46023 | B10: =TEXT(A10,"ddd") -> qui | C10: =Configurações!$A$11 -> CAM 05 | D10: =Configurações!$B$11 -> Câmera 05 | E10: =Configurações!$C$11 -> 0 | F10: Não verificado | G10: Não verificado | H10: Não verificado | M10: Eventos registrados | N10: =COUNTA(I6:J718) -> 0
A11: =DATE(Configurações!$B$3,1,1) -> 46023 | B11: =TEXT(A11,"ddd") -> qui | C11: =Configurações!$A$12 -> CAM 06 | D11: =Configurações!$B$12 -> Câmera 06 | E11: =Configurações!$C$12 -> 0 | F11: Não verificado | G11: Não verificado | H11: Não verificado
A12: =DATE(Configurações!$B$3,1,1) -> 46023 | B12: =TEXT(A12,"ddd") -> qui | C12: =Configurações!$A$13 -> CAM 07 | D12: =Configurações!$B$13 -> Câmera 07 | E12: =Configurações!$C$13 -> 0 | F12: Não verificado | G12: Não verificado | H12: Não verificado
A13: =DATE(Configurações!$B$3,1,1) -> 46023 | B13: =TEXT(A13,"ddd") -> qui | C13: =Configurações!$A$14 -> CAM 08 | D13: =Configurações!$B$14 -> Câmera 08 | E13: =Configurações!$C$14 -> 0 | F13: Não verificado | G13: Não verificado | H13: Não verificado
A14: =DATE(Configurações!$B$3,1,1) -> 46023 | B14: =TEXT(A14,"ddd") -> qui | C14: =Configurações!$A$15 -> CAM 09 | D14: =Configurações!$B$15 -> Câmera 09 | E14: =Configurações!$C$15 -> 0 | F14: Não verificado | G14: Não verificado | H14: Não verificado
A15: =DATE(Configurações!$B$3,1,1) -> 46023 | B15: =TEXT(A15,"ddd") -> qui | C15: =Configurações!$A$16 -> CAM 10 | D15: =Configurações!$B$16 -> Câmera 10 | E15: =Configurações!$C$16 -> 0 | F15: Não verificado | G15: Não verificado | H15: Não verificado
A16: =DATE(Configurações!$B$3,1,1) -> 46023 | B16: =TEXT(A16,"ddd") -> qui | C16: =Configurações!$A$17 -> CAM 11 | D16: =Configurações!$B$17 -> Câmera 11 | E16: =Configurações!$C$17 -> 0 | F16: Não verificado | G16: Não verificado | H16: Não verificado
A17: =DATE(Configurações!$B$3,1,1) -> 46023 | B17: =TEXT(A17,"ddd") -> qui | C17: =Configurações!$A$18 -> CAM 12 | D17: =Configurações!$B$18 -> Câmera 12 | E17: =Configurações!$C$18 -> 0 | F17: Não verificado | G17: Não verificado | H17: Não verificado
A18: =DATE(Configurações!$B$3,1,1) -> 46023 | B18: =TEXT(A18,"ddd") -> qui | C18: =Configurações!$A$19 -> CAM 13 | D18: =Configurações!$B$19 -> Câmera 13 | E18: =Configurações!$C$19 -> 0 | F18: Não verificado | G18: Não verificado | H18: Não verificado
A19: =DATE(Configurações!$B$3,1,1) -> 46023 | B19: =TEXT(A19,"ddd") -> qui | C19: =Configurações!$A$20 -> CAM 14 | D19: =Configurações!$B$20 -> Reserva/Futura 01 | E19: =Configurações!$C$20 -> 0 | F19: Não verificado | G19: Não verificado | H19: Não verificado
A20: =DATE(Configurações!$B$3,1,1) -> 46023 | B20: =TEXT(A20,"ddd") -> qui | C20: =Configurações!$A$21 -> CAM 15 | D20: =Configurações!$B$21 -> Reserva/Futura 02 | E20: =Configurações!$C$21 -> 0 | F20: Não verificado | G20: Não verificado | H20: Não verificado
A21: =DATE(Configurações!$B$3,1,1) -> 46023 | B21: =TEXT(A21,"ddd") -> qui | C21: =Configurações!$A$22 -> CAM 16 | D21: =Configurações!$B$22 -> Reserva/Futura 03 | E21: =Configurações!$C$22 -> 0 | F21: Não verificado | G21: Não verificado | H21: Não verificado
A22: =DATE(Configurações!$B$3,1,1) -> 46023 | B22: =TEXT(A22,"ddd") -> qui | C22: =Configurações!$A$23 -> CAM 17 | D22: =Configurações!$B$23 -> Reserva/Futura 04 | E22: =Configurações!$C$23 -> 0 | F22: Não verificado | G22: Não verificado | H22: Não verificado
A23: =DATE(Configurações!$B$3,1,1) -> 46023 | B23: =TEXT(A23,"ddd") -> qui | C23: =Configurações!$A$24 -> CAM 18 | D23: =Configurações!$B$24 -> Reserva/Futura 05 | E23: =Configurações!$C$24 -> 0 | F23: Não verificado | G23: Não verificado | H23: Não verificado
A24: =DATE(Configurações!$B$3,1,1) -> 46023 | B24: =TEXT(A24,"ddd") -> qui | C24: =Configurações!$A$25 -> CAM 19 | D24: =Configurações!$B$25 -> Reserva/Futura 06 | E24: =Configurações!$C$25 -> 0 | F24: Não verificado | G24: Não verificado | H24: Não verificado
A25: =DATE(Configurações!$B$3,1,1) -> 46023 | B25: =TEXT(A25,"ddd") -> qui | C25: =Configurações!$A$26 -> CAM 20 | D25: =Configurações!$B$26 -> Reserva/Futura 07 | E25: =Configurações!$C$26 -> 0 | F25: Não verificado | G25: Não verificado | H25: Não verificado
A26: =DATE(Configurações!$B$3,1,1) -> 46023 | B26: =TEXT(A26,"ddd") -> qui | C26: =Configurações!$A$27 -> CAM 21 | D26: =Configurações!$B$27 -> Reserva/Futura 08 | E26: =Configurações!$C$27 -> 0 | F26: Não verificado | G26: Não verificado | H26: Não verificado
A27: =DATE(Configurações!$B$3,1,1) -> 46023 | B27: =TEXT(A27,"ddd") -> qui | C27: =Configurações!$A$28 -> CAM 22 | D27: =Configurações!$B$28 -> Reserva/Futura 09 | E27: =Configurações!$C$28 -> 0 | F27: Não verificado | G27: Não verificado | H27: Não verificado
A28: =DATE(Configurações!$B$3,1,1) -> 46023 | B28: =TEXT(A28,"ddd") -> qui | C28: =Configurações!$A$29 -> CAM 23 | D28: =Configurações!$B$29 -> Reserva/Futura 10 | E28: =Configurações!$C$29 -> 0 | F28: Não verificado | G28: Não verificado | H28: Não verificado
A29: =DATE(Configurações!$B$3,1,2) -> 46024 | B29: =TEXT(A29,"ddd") -> sex | C29: =Configurações!$A$7 -> CAM 01 | D29: =Configurações!$B$7 -> BARU ANDES | E29: =Configurações!$C$7 -> 0 | F29: Não verificado | G29: Não verificado | H29: Não verificado
A30: =DATE(Configurações!$B$3,1,2) -> 46024 | B30: =TEXT(A30,"ddd") -> sex | C30: =Configurações!$A$8 -> CAM 02 | D30: =Configurações!$B$8 -> Câmera 02 | E30: =Configurações!$C$8 -> 0 | F30: Não verificado | G30: Não verificado | H30: Não verificado
A31: =DATE(Configurações!$B$3,1,2) -> 46024 | B31: =TEXT(A31,"ddd") -> sex | C31: =Configurações!$A$9 -> CAM 03 | D31: =Configurações!$B$9 -> Câmera 03 | E31: =Configurações!$C$9 -> 0 | F31: Não verificado | G31: Não verificado | H31: Não verificado
A32: =DATE(Configurações!$B$3,1,2) -> 46024 | B32: =TEXT(A32,"ddd") -> sex | C32: =Configurações!$A$10 -> CAM 04 | D32: =Configurações!$B$10 -> Câmera 04 | E32: =Configurações!$C$10 -> 0 | F32: Não verificado | G32: Não verificado | H32: Não verificado
A33: =DATE(Configurações!$B$3,1,2) -> 46024 | B33: =TEXT(A33,"ddd") -> sex | C33: =Configurações!$A$11 -> CAM 05 | D33: =Configurações!$B$11 -> Câmera 05 | E33: =Configurações!$C$11 -> 0 | F33: Não verificado | G33: Não verificado | H33: Não verificado
A34: =DATE(Configurações!$B$3,1,2) -> 46024 | B34: =TEXT(A34,"ddd") -> sex | C34: =Configurações!$A$12 -> CAM 06 | D34: =Configurações!$B$12 -> Câmera 06 | E34: =Configurações!$C$12 -> 0 | F34: Não verificado | G34: Não verificado | H34: Não verificado
A35: =DATE(Configurações!$B$3,1,2) -> 46024 | B35: =TEXT(A35,"ddd") -> sex | C35: =Configurações!$A$13 -> CAM 07 | D35: =Configurações!$B$13 -> Câmera 07 | E35: =Configurações!$C$13 -> 0 | F35: Não verificado | G35: Não verificado | H35: Não verificado
A36: =DATE(Configurações!$B$3,1,2) -> 46024 | B36: =TEXT(A36,"ddd") -> sex | C36: =Configurações!$A$14 -> CAM 08 | D36: =Configurações!$B$14 -> Câmera 08 | E36: =Configurações!$C$14 -> 0 | F36: Não verificado | G36: Não verificado | H36: Não verificado
A37: =DATE(Configurações!$B$3,1,2) -> 46024 | B37: =TEXT(A37,"ddd") -> sex | C37: =Configurações!$A$15 -> CAM 09 | D37: =Configurações!$B$15 -> Câmera 09 | E37: =Configurações!$C$15 -> 0 | F37: Não verificado | G37: Não verificado | H37: Não verificado
A38: =DATE(Configurações!$B$3,1,2) -> 46024 | B38: =TEXT(A38,"ddd") -> sex | C38: =Configurações!$A$16 -> CAM 10 | D38: =Configurações!$B$16 -> Câmera 10 | E38: =Configurações!$C$16 -> 0 | F38: Não verificado | G38: Não verificado | H38: Não verificado
A39: =DATE(Configurações!$B$3,1,2) -> 46024 | B39: =TEXT(A39,"ddd") -> sex | C39: =Configurações!$A$17 -> CAM 11 | D39: =Configurações!$B$17 -> Câmera 11 | E39: =Configurações!$C$17 -> 0 | F39: Não verificado | G39: Não verificado | H39: Não verificado
A40: =DATE(Configurações!$B$3,1,2) -> 46024 | B40: =TEXT(A40,"ddd") -> sex | C40: =Configurações!$A$18 -> CAM 12 | D40: =Configurações!$B$18 -> Câmera 12 | E40: =Configurações!$C$18 -> 0 | F40: Não verificado | G40: Não verificado | H40: Não verificado
A41: =DATE(Configurações!$B$3,1,2) -> 46024 | B41: =TEXT(A41,"ddd") -> sex | C41: =Configurações!$A$19 -> CAM 13 | D41: =Configurações!$B$19 -> Câmera 13 | E41: =Configurações!$C$19 -> 0 | F41: Não verificado | G41: Não verificado | H41: Não verificado
A42: =DATE(Configurações!$B$3,1,2) -> 46024 | B42: =TEXT(A42,"ddd") -> sex | C42: =Configurações!$A$20 -> CAM 14 | D42: =Configurações!$B$20 -> Reserva/Futura 01 | E42: =Configurações!$C$20 -> 0 | F42: Não verificado | G42: Não verificado | H42: Não verificado
A43: =DATE(Configurações!$B$3,1,2) -> 46024 | B43: =TEXT(A43,"ddd") -> sex | C43: =Configurações!$A$21 -> CAM 15 | D43: =Configurações!$B$21 -> Reserva/Futura 02 | E43: =Configurações!$C$21 -> 0 | F43: Não verificado | G43: Não verificado | H43: Não verificado
A44: =DATE(Configurações!$B$3,1,2) -> 46024 | B44: =TEXT(A44,"ddd") -> sex | C44: =Configurações!$A$22 -> CAM 16 | D44: =Configurações!$B$22 -> Reserva/Futura 03 | E44: =Configurações!$C$22 -> 0 | F44: Não verificado | G44: Não verificado | H44: Não verificado
A45: =DATE(Configurações!$B$3,1,2) -> 46024 | B45: =TEXT(A45,"ddd") -> sex | C45: =Configurações!$A$23 -> CAM 17 | D45: =Configurações!$B$23 -> Reserva/Futura 04 | E45: =Configurações!$C$23 -> 0 | F45: Não verificado | G45: Não verificado | H45: Não verificado
A46: =DATE(Configurações!$B$3,1,2) -> 46024 | B46: =TEXT(A46,"ddd") -> sex | C46: =Configurações!$A$24 -> CAM 18 | D46: =Configurações!$B$24 -> Reserva/Futura 05 | E46: =Configurações!$C$24 -> 0 | F46: Não verificado | G46: Não verificado | H46: Não verificado
A47: =DATE(Configurações!$B$3,1,2) -> 46024 | B47: =TEXT(A47,"ddd") -> sex | C47: =Configurações!$A$25 -> CAM 19 | D47: =Configurações!$B$25 -> Reserva/Futura 06 | E47: =Configurações!$C$25 -> 0 | F47: Não verificado | G47: Não verificado | H47: Não verificado
A48: =DATE(Configurações!$B$3,1,2) -> 46024 | B48: =TEXT(A48,"ddd") -> sex | C48: =Configurações!$A$26 -> CAM 20 | D48: =Configurações!$B$26 -> Reserva/Futura 07 | E48: =Configurações!$C$26 -> 0 | F48: Não verificado | G48: Não verificado | H48: Não verificado
A49: =DATE(Configurações!$B$3,1,2) -> 46024 | B49: =TEXT(A49,"ddd") -> sex | C49: =Configurações!$A$27 -> CAM 21 | D49: =Configurações!$B$27 -> Reserva/Futura 08 | E49: =Configurações!$C$27 -> 0 | F49: Não verificado | G49: Não verificado | H49: Não verificado
A50: =DATE(Configurações!$B$3,1,2) -> 46024 | B50: =TEXT(A50,"ddd") -> sex | C50: =Configurações!$A$28 -> CAM 22 | D50: =Configurações!$B$28 -> Reserva/Futura 09 | E50: =Configurações!$C$28 -> 0 | F50: Não verificado | G50: Não verificado | H50: Não verificado
A51: =DATE(Configurações!$B$3,1,2) -> 46024 | B51: =TEXT(A51,"ddd") -> sex | C51: =Configurações!$A$29 -> CAM 23 | D51: =Configurações!$B$29 -> Reserva/Futura 10 | E51: =Configurações!$C$29 -> 0 | F51: Não verificado | G51: Não verificado | H51: Não verificado
A52: =DATE(Configurações!$B$3,1,3) -> 46025 | B52: =TEXT(A52,"ddd") -> sáb | C52: =Configurações!$A$7 -> CAM 01 | D52: =Configurações!$B$7 -> BARU ANDES | E52: =Configurações!$C$7 -> 0 | F52: Não verificado | G52: Não verificado | H52: Não verificado
A53: =DATE(Configurações!$B$3,1,3) -> 46025 | B53: =TEXT(A53,"ddd") -> sáb | C53: =Configurações!$A$8 -> CAM 02 | D53: =Configurações!$B$8 -> Câmera 02 | E53: =Configurações!$C$8 -> 0 | F53: Não verificado | G53: Não verificado | H53: Não verificado
A54: =DATE(Configurações!$B$3,1,3) -> 46025 | B54: =TEXT(A54,"ddd") -> sáb | C54: =Configurações!$A$9 -> CAM 03 | D54: =Configurações!$B$9 -> Câmera 03 | E54: =Configurações!$C$9 -> 0 | F54: Não verificado | G54: Não verificado | H54: Não verificado
A55: =DATE(Configurações!$B$3,1,3) -> 46025 | B55: =TEXT(A55,"ddd") -> sáb | C55: =Configurações!$A$10 -> CAM 04 | D55: =Configurações!$B$10 -> Câmera 04 | E55: =Configurações!$C$10 -> 0 | F55: Não verificado | G55: Não verificado | H55: Não verificado
A56: =DATE(Configurações!$B$3,1,3) -> 46025 | B56: =TEXT(A56,"ddd") -> sáb | C56: =Configurações!$A$11 -> CAM 05 | D56: =Configurações!$B$11 -> Câmera 05 | E56: =Configurações!$C$11 -> 0 | F56: Não verificado | G56: Não verificado | H56: Não verificado
A57: =DATE(Configurações!$B$3,1,3) -> 46025 | B57: =TEXT(A57,"ddd") -> sáb | C57: =Configurações!$A$12 -> CAM 06 | D57: =Configurações!$B$12 -> Câmera 06 | E57: =Configurações!$C$12 -> 0 | F57: Não verificado | G57: Não verificado | H57: Não verificado
A58: =DATE(Configurações!$B$3,1,3) -> 46025 | B58: =TEXT(A58,"ddd") -> sáb | C58: =Configurações!$A$13 -> CAM 07 | D58: =Configurações!$B$13 -> Câmera 07 | E58: =Configurações!$C$13 -> 0 | F58: Não verificado | G58: Não verificado | H58: Não verificado
A59: =DATE(Configurações!$B$3,1,3) -> 46025 | B59: =TEXT(A59,"ddd") -> sáb | C59: =Configurações!$A$14 -> CAM 08 | D59: =Configurações!$B$14 -> Câmera 08 | E59: =Configurações!$C$14 -> 0 | F59: Não verificado | G59: Não verificado | H59: Não verificado
A60: =DATE(Configurações!$B$3,1,3) -> 46025 | B60: =TEXT(A60,"ddd") -> sáb | C60: =Configurações!$A$15 -> CAM 09 | D60: =Configurações!$B$15 -> Câmera 09 | E60: =Configurações!$C$15 -> 0 | F60: Não verificado | G60: Não verificado | H60: Não verificado
A61: =DATE(Configurações!$B$3,1,3) -> 46025 | B61: =TEXT(A61,"ddd") -> sáb | C61: =Configurações!$A$16 -> CAM 10 | D61: =Configurações!$B$16 -> Câmera 10 | E61: =Configurações!$C$16 -> 0 | F61: Não verificado | G61: Não verificado | H61: Não verificado
A62: =DATE(Configurações!$B$3,1,3) -> 46025 | B62: =TEXT(A62,"ddd") -> sáb | C62: =Configurações!$A$17 -> CAM 11 | D62: =Configurações!$B$17 -> Câmera 11 | E62: =Configurações!$C$17 -> 0 | F62: Não verificado | G62: Não verificado | H62: Não verificado
A63: =DATE(Configurações!$B$3,1,3) -> 46025 | B63: =TEXT(A63,"ddd") -> sáb | C63: =Configurações!$A$18 -> CAM 12 | D63: =Configurações!$B$18 -> Câmera 12 | E63: =Configurações!$C$18 -> 0 | F63: Não verificado | G63: Não verificado | H63: Não verificado
A64: =DATE(Configurações!$B$3,1,3) -> 46025 | B64: =TEXT(A64,"ddd") -> sáb | C64: =Configurações!$A$19 -> CAM 13 | D64: =Configurações!$B$19 -> Câmera 13 | E64: =Configurações!$C$19 -> 0 | F64: Não verificado | G64: Não verificado | H64: Não verificado
A65: =DATE(Configurações!$B$3,1,3) -> 46025 | B65: =TEXT(A65,"ddd") -> sáb | C65: =Configurações!$A$20 -> CAM 14 | D65: =Configurações!$B$20 -> Reserva/Futura 01 | E65: =Configurações!$C$20 -> 0 | F65: Não verificado | G65: Não verificado | H65: Não verificado
A66: =DATE(Configurações!$B$3,1,3) -> 46025 | B66: =TEXT(A66,"ddd") -> sáb | C66: =Configurações!$A$21 -> CAM 15 | D66: =Configurações!$B$21 -> Reserva/Futura 02 | E66: =Configurações!$C$21 -> 0 | F66: Não verificado | G66: Não verificado | H66: Não verificado
A67: =DATE(Configurações!$B$3,1,3) -> 46025 | B67: =TEXT(A67,"ddd") -> sáb | C67: =Configurações!$A$22 -> CAM 16 | D67: =Configurações!$B$22 -> Reserva/Futura 03 | E67: =Configurações!$C$22 -> 0 | F67: Não verificado | G67: Não verificado | H67: Não verificado
A68: =DATE(Configurações!$B$3,1,3) -> 46025 | B68: =TEXT(A68,"ddd") -> sáb | C68: =Configurações!$A$23 -> CAM 17 | D68: =Configurações!$B$23 -> Reserva/Futura 04 | E68: =Configurações!$C$23 -> 0 | F68: Não verificado | G68: Não verificado | H68: Não verificado
A69: =DATE(Configurações!$B$3,1,3) -> 46025 | B69: =TEXT(A69,"ddd") -> sáb | C69: =Configurações!$A$24 -> CAM 18 | D69: =Configurações!$B$24 -> Reserva/Futura 05 | E69: =Configurações!$C$24 -> 0 | F69: Não verificado | G69: Não verificado | H69: Não verificado
A70: =DATE(Configurações!$B$3,1,3) -> 46025 | B70: =TEXT(A70,"ddd") -> sáb | C70: =Configurações!$A$25 -> CAM 19 | D70: =Configurações!$B$25 -> Reserva/Futura 06 | E70: =Configurações!$C$25 -> 0 | F70: Não verificado | G70: Não verificado | H70: Não verificado
A71: =DATE(Configurações!$B$3,1,3) -> 46025 | B71: =TEXT(A71,"ddd") -> sáb | C71: =Configurações!$A$26 -> CAM 20 | D71: =Configurações!$B$26 -> Reserva/Futura 07 | E71: =Configurações!$C$26 -> 0 | F71: Não verificado | G71: Não verificado | H71: Não verificado
A72: =DATE(Configurações!$B$3,1,3) -> 46025 | B72: =TEXT(A72,"ddd") -> sáb | C72: =Configurações!$A$27 -> CAM 21 | D72: =Configurações!$B$27 -> Reserva/Futura 08 | E72: =Configurações!$C$27 -> 0 | F72: Não verificado | G72: Não verificado | H72: Não verificado
A73: =DATE(Configurações!$B$3,1,3) -> 46025 | B73: =TEXT(A73,"ddd") -> sáb | C73: =Configurações!$A$28 -> CAM 22 | D73: =Configurações!$B$28 -> Reserva/Futura 09 | E73: =Configurações!$C$28 -> 0 | F73: Não verificado | G73: Não verificado | H73: Não verificado
A74: =DATE(Configurações!$B$3,1,3) -> 46025 | B74: =TEXT(A74,"ddd") -> sáb | C74: =Configurações!$A$29 -> CAM 23 | D74: =Configurações!$B$29 -> Reserva/Futura 10 | E74: =Configurações!$C$29 -> 0 | F74: Não verificado | G74: Não verificado | H74: Não verificado
A75: =DATE(Configurações!$B$3,1,4) -> 46026 | B75: =TEXT(A75,"ddd") -> dom | C75: =Configurações!$A$7 -> CAM 01 | D75: =Configurações!$B$7 -> BARU ANDES | E75: =Configurações!$C$7 -> 0 | F75: Não verificado | G75: Não verificado | H75: Não verificado
A76: =DATE(Configurações!$B$3,1,4) -> 46026 | B76: =TEXT(A76,"ddd") -> dom | C76: =Configurações!$A$8 -> CAM 02 | D76: =Configurações!$B$8 -> Câmera 02 | E76: =Configurações!$C$8 -> 0 | F76: Não verificado | G76: Não verificado | H76: Não verificado
A77: =DATE(Configurações!$B$3,1,4) -> 46026 | B77: =TEXT(A77,"ddd") -> dom | C77: =Configurações!$A$9 -> CAM 03 | D77: =Configurações!$B$9 -> Câmera 03 | E77: =Configurações!$C$9 -> 0 | F77: Não verificado | G77: Não verificado | H77: Não verificado
A78: =DATE(Configurações!$B$3,1,4) -> 46026 | B78: =TEXT(A78,"ddd") -> dom | C78: =Configurações!$A$10 -> CAM 04 | D78: =Configurações!$B$10 -> Câmera 04 | E78: =Configurações!$C$10 -> 0 | F78: Não verificado | G78: Não verificado | H78: Não verificado
A79: =DATE(Configurações!$B$3,1,4) -> 46026 | B79: =TEXT(A79,"ddd") -> dom | C79: =Configurações!$A$11 -> CAM 05 | D79: =Configurações!$B$11 -> Câmera 05 | E79: =Configurações!$C$11 -> 0 | F79: Não verificado | G79: Não verificado | H79: Não verificado
A80: =DATE(Configurações!$B$3,1,4) -> 46026 | B80: =TEXT(A80,"ddd") -> dom | C80: =Configurações!$A$12 -> CAM 06 | D80: =Configurações!$B$12 -> Câmera 06 | E80: =Configurações!$C$12 -> 0 | F80: Não verificado | G80: Não verificado | H80: Não verificado
A81: =DATE(Configurações!$B$3,1,4) -> 46026 | B81: =TEXT(A81,"ddd") -> dom | C81: =Configurações!$A$13 -> CAM 07 | D81: =Configurações!$B$13 -> Câmera 07 | E81: =Configurações!$C$13 -> 0 | F81: Não verificado | G81: Não verificado | H81: Não verificado
A82: =DATE(Configurações!$B$3,1,4) -> 46026 | B82: =TEXT(A82,"ddd") -> dom | C82: =Configurações!$A$14 -> CAM 08 | D82: =Configurações!$B$14 -> Câmera 08 | E82: =Configurações!$C$14 -> 0 | F82: Não verificado | G82: Não verificado | H82: Não verificado
A83: =DATE(Configurações!$B$3,1,4) -> 46026 | B83: =TEXT(A83,"ddd") -> dom | C83: =Configurações!$A$15 -> CAM 09 | D83: =Configurações!$B$15 -> Câmera 09 | E83: =Configurações!$C$15 -> 0 | F83: Não verificado | G83: Não verificado | H83: Não verificado
A84: =DATE(Configurações!$B$3,1,4) -> 46026 | B84: =TEXT(A84,"ddd") -> dom | C84: =Configurações!$A$16 -> CAM 10 | D84: =Configurações!$B$16 -> Câmera 10 | E84: =Configurações!$C$16 -> 0 | F84: Não verificado | G84: Não verificado | H84: Não verificado
A85: =DATE(Configurações!$B$3,1,4) -> 46026 | B85: =TEXT(A85,"ddd") -> dom | C85: =Configurações!$A$17 -> CAM 11 | D85: =Configurações!$B$17 -> Câmera 11 | E85: =Configurações!$C$17 -> 0 | F85: Não verificado | G85: Não verificado | H85: Não verificado
A86: =DATE(Configurações!$B$3,1,4) -> 46026 | B86: =TEXT(A86,"ddd") -> dom | C86: =Configurações!$A$18 -> CAM 12 | D86: =Configurações!$B$18 -> Câmera 12 | E86: =Configurações!$C$18 -> 0 | F86: Não verificado | G86: Não verificado | H86: Não verificado
A87: =DATE(Configurações!$B$3,1,4) -> 46026 | B87: =TEXT(A87,"ddd") -> dom | C87: =Configurações!$A$19 -> CAM 13 | D87: =Configurações!$B$19 -> Câmera 13 | E87: =Configurações!$C$19 -> 0 | F87: Não verificado | G87: Não verificado | H87: Não verificado
A88: =DATE(Configurações!$B$3,1,4) -> 46026 | B88: =TEXT(A88,"ddd") -> dom | C88: =Configurações!$A$20 -> CAM 14 | D88: =Configurações!$B$20 -> Reserva/Futura 01 | E88: =Configurações!$C$20 -> 0 | F88: Não verificado | G88: Não verificado | H88: Não verificado
A89: =DATE(Configurações!$B$3,1,4) -> 46026 | B89: =TEXT(A89,"ddd") -> dom | C89: =Configurações!$A$21 -> CAM 15 | D89: =Configurações!$B$21 -> Reserva/Futura 02 | E89: =Configurações!$C$21 -> 0 | F89: Não verificado | G89: Não verificado | H89: Não verificado
A90: =DATE(Configurações!$B$3,1,4) -> 46026 | B90: =TEXT(A90,"ddd") -> dom | C90: =Configurações!$A$22 -> CAM 16 | D90: =Configurações!$B$22 -> Reserva/Futura 03 | E90: =Configurações!$C$22 -> 0 | F90: Não verificado | G90: Não verificado | H90: Não verificado
A91: =DATE(Configurações!$B$3,1,4) -> 46026 | B91: =TEXT(A91,"ddd") -> dom | C91: =Configurações!$A$23 -> CAM 17 | D91: =Configurações!$B$23 -> Reserva/Futura 04 | E91: =Configurações!$C$23 -> 0 | F91: Não verificado | G91: Não verificado | H91: Não verificado
A92: =DATE(Configurações!$B$3,1,4) -> 46026 | B92: =TEXT(A92,"ddd") -> dom | C92: =Configurações!$A$24 -> CAM 18 | D92: =Configurações!$B$24 -> Reserva/Futura 05 | E92: =Configurações!$C$24 -> 0 | F92: Não verificado | G92: Não verificado | H92: Não verificado
A93: =DATE(Configurações!$B$3,1,4) -> 46026 | B93: =TEXT(A93,"ddd") -> dom | C93: =Configurações!$A$25 -> CAM 19 | D93: =Configurações!$B$25 -> Reserva/Futura 06 | E93: =Configurações!$C$25 -> 0 | F93: Não verificado | G93: Não verificado | H93: Não verificado
A94: =DATE(Configurações!$B$3,1,4) -> 46026 | B94: =TEXT(A94,"ddd") -> dom | C94: =Configurações!$A$26 -> CAM 20 | D94: =Configurações!$B$26 -> Reserva/Futura 07 | E94: =Configurações!$C$26 -> 0 | F94: Não verificado | G94: Não verificado | H94: Não verificado
A95: =DATE(Configurações!$B$3,1,4) -> 46026 | B95: =TEXT(A95,"ddd") -> dom | C95: =Configurações!$A$27 -> CAM 21 | D95: =Configurações!$B$27 -> Reserva/Futura 08 | E95: =Configurações!$C$27 -> 0 | F95: Não verificado | G95: Não verificado | H95: Não verificado
A96: =DATE(Configurações!$B$3,1,4) -> 46026 | B96: =TEXT(A96,"ddd") -> dom | C96: =Configurações!$A$28 -> CAM 22 | D96: =Configurações!$B$28 -> Reserva/Futura 09 | E96: =Configurações!$C$28 -> 0 | F96: Não verificado | G96: Não verificado | H96: Não verificado
A97: =DATE(Configurações!$B$3,1,4) -> 46026 | B97: =TEXT(A97,"ddd") -> dom | C97: =Configurações!$A$29 -> CAM 23 | D97: =Configurações!$B$29 -> Reserva/Futura 10 | E97: =Configurações!$C$29 -> 0 | F97: Não verificado | G97: Não verificado | H97: Não verificado
A98: =DATE(Configurações!$B$3,1,5) -> 46027 | B98: =TEXT(A98,"ddd") -> seg | C98: =Configurações!$A$7 -> CAM 01 | D98: =Configurações!$B$7 -> BARU ANDES | E98: =Configurações!$C$7 -> 0 | F98: Não verificado | G98: Não verificado | H98: Não verificado
A99: =DATE(Configurações!$B$3,1,5) -> 46027 | B99: =TEXT(A99,"ddd") -> seg | C99: =Configurações!$A$8 -> CAM 02 | D99: =Configurações!$B$8 -> Câmera 02 | E99: =Configurações!$C$8 -> 0 | F99: Não verificado | G99: Não verificado | H99: Não verificado
A100: =DATE(Configurações!$B$3,1,5) -> 46027 | B100: =TEXT(A100,"ddd") -> seg | C100: =Configurações!$A$9 -> CAM 03 | D100: =Configurações!$B$9 -> Câmera 03 | E100: =Configurações!$C$9 -> 0 | F100: Não verificado | G100: Não verificado | H100: Não verificado
A101: =DATE(Configurações!$B$3,1,5) -> 46027 | B101: =TEXT(A101,"ddd") -> seg | C101: =Configurações!$A$10 -> CAM 04 | D101: =Configurações!$B$10 -> Câmera 04 | E101: =Configurações!$C$10 -> 0 | F101: Não verificado | G101: Não verificado | H101: Não verificado
...

Sheet Fevereiro
A1: CONTROLE DE MONITORAMENTO DE CÂMERAS - FEVEREIRO
A2: Status por horário: Online / Offline / Manutenção / Não verificado. Campo livre para evento técnico e comportamento do colaborador.
M4: RESUMO DO MÊS
A5: Data | B5: Dia | C5: ID | D5: Nome da Câmera | E5: Embarcação/Local | F5: 10:00 | G5: 13:00 | H5: 16:00 | I5: Evento Técnico Online/Offline | J5: Comportamento do Colaborador | K5: Responsável | M5: Indicador | N5: Total | O5: % | P5: Meta | Q5: Observação
A6: =DATE(Configurações!$B$3,2,1) -> 46054 | B6: =TEXT(A6,"ddd") -> dom | C6: =Configurações!$A$7 -> CAM 01 | D6: =Configurações!$B$7 -> BARU ANDES | E6: =Configurações!$C$7 -> 0 | F6: Não verificado | G6: Não verificado | H6: Não verificado | M6: Online | N6: =COUNTIF(F6:H718,"Online") -> 0 | O6: =IFERROR(N6/(N6+N7+N8),0) -> 0 | P6: >=95%
A7: =DATE(Configurações!$B$3,2,1) -> 46054 | B7: =TEXT(A7,"ddd") -> dom | C7: =Configurações!$A$8 -> CAM 02 | D7: =Configurações!$B$8 -> Câmera 02 | E7: =Configurações!$C$8 -> 0 | F7: Não verificado | G7: Não verificado | H7: Não verificado | M7: Offline | N7: =COUNTIF(F6:H718,"Offline") -> 0 | O7: =IFERROR(N7/(N6+N7+N8),0) -> 0 | P7: <=5%
A8: =DATE(Configurações!$B$3,2,1) -> 46054 | B8: =TEXT(A8,"ddd") -> dom | C8: =Configurações!$A$9 -> CAM 03 | D8: =Configurações!$B$9 -> Câmera 03 | E8: =Configurações!$C$9 -> 0 | F8: Não verificado | G8: Não verificado | H8: Não verificado | M8: Manutenção | N8: =COUNTIF(F6:H718,"Manutenção") -> 0 | O8: =IFERROR(N8/(N6+N7+N8),0) -> 0
A9: =DATE(Configurações!$B$3,2,1) -> 46054 | B9: =TEXT(A9,"ddd") -> dom | C9: =Configurações!$A$10 -> CAM 04 | D9: =Configurações!$B$10 -> Câmera 04 | E9: =Configurações!$C$10 -> 0 | F9: Não verificado | G9: Não verificado | H9: Não verificado | M9: Não verificado | N9: =COUNTIF(F6:H718,"Não verificado") -> 2139 | O9: =IFERROR(N9/(N6+N7+N8+N9),0) -> 1 | P9: zerar no fechamento
A10: =DATE(Configurações!$B$3,2,1) -> 46054 | B10: =TEXT(A10,"ddd") -> dom | C10: =Configurações!$A$11 -> CAM 05 | D10: =Configurações!$B$11 -> Câmera 05 | E10: =Configurações!$C$11 -> 0 | F10: Não verificado | G10: Não verificado | H10: Não verificado | M10: Eventos registrados | N10: =COUNTA(I6:J718) -> 0
A11: =DATE(Configurações!$B$3,2,1) -> 46054 | B11: =TEXT(A11,"ddd") -> dom | C11: =Configurações!$A$12 -> CAM 06 | D11: =Configurações!$B$12 -> Câmera 06 | E11: =Configurações!$C$12 -> 0 | F11: Não verificado | G11: Não verificado | H11: Não verificado
A12: =DATE(Configurações!$B$3,2,1) -> 46054 | B12: =TEXT(A12,"ddd") -> dom | C12: =Configurações!$A$13 -> CAM 07 | D12: =Configurações!$B$13 -> Câmera 07 | E12: =Configurações!$C$13 -> 0 | F12: Não verificado | G12: Não verificado | H12: Não verificado
A13: =DATE(Configurações!$B$3,2,1) -> 46054 | B13: =TEXT(A13,"ddd") -> dom | C13: =Configurações!$A$14 -> CAM 08 | D13: =Configurações!$B$14 -> Câmera 08 | E13: =Configurações!$C$14 -> 0 | F13: Não verificado | G13: Não verificado | H13: Não verificado
A14: =DATE(Configurações!$B$3,2,1) -> 46054 | B14: =TEXT(A14,"ddd") -> dom | C14: =Configurações!$A$15 -> CAM 09 | D14: =Configurações!$B$15 -> Câmera 09 | E14: =Configurações!$C$15 -> 0 | F14: Não verificado | G14: Não verificado | H14: Não verificado
A15: =DATE(Configurações!$B$3,2,1) -> 46054 | B15: =TEXT(A15,"ddd") -> dom | C15: =Configurações!$A$16 -> CAM 10 | D15: =Configurações!$B$16 -> Câmera 10 | E15: =Configurações!$C$16 -> 0 | F15: Não verificado | G15: Não verificado | H15: Não verificado
A16: =DATE(Configurações!$B$3,2,1) -> 46054 | B16: =TEXT(A16,"ddd") -> dom | C16: =Configurações!$A$17 -> CAM 11 | D16: =Configurações!$B$17 -> Câmera 11 | E16: =Configurações!$C$17 -> 0 | F16: Não verificado | G16: Não verificado | H16: Não verificado
A17: =DATE(Configurações!$B$3,2,1) -> 46054 | B17: =TEXT(A17,"ddd") -> dom | C17: =Configurações!$A$18 -> CAM 12 | D17: =Configurações!$B$18 -> Câmera 12 | E17: =Configurações!$C$18 -> 0 | F17: Não verificado | G17: Não verificado | H17: Não verificado
A18: =DATE(Configurações!$B$3,2,1) -> 46054 | B18: =TEXT(A18,"ddd") -> dom | C18: =Configurações!$A$19 -> CAM 13 | D18: =Configurações!$B$19 -> Câmera 13 | E18: =Configurações!$C$19 -> 0 | F18: Não verificado | G18: Não verificado | H18: Não verificado
A19: =DATE(Configurações!$B$3,2,1) -> 46054 | B19: =TEXT(A19,"ddd") -> dom | C19: =Configurações!$A$20 -> CAM 14 | D19: =Configurações!$B$20 -> Reserva/Futura 01 | E19: =Configurações!$C$20 -> 0 | F19: Não verificado | G19: Não verificado | H19: Não verificado
A20: =DATE(Configurações!$B$3,2,1) -> 46054 | B20: =TEXT(A20,"ddd") -> dom | C20: =Configurações!$A$21 -> CAM 15 | D20: =Configurações!$B$21 -> Reserva/Futura 02 | E20: =Configurações!$C$21 -> 0 | F20: Não verificado | G20: Não verificado | H20: Não verificado
A21: =DATE(Configurações!$B$3,2,1) -> 46054 | B21: =TEXT(A21,"ddd") -> dom | C21: =Configurações!$A$22 -> CAM 16 | D21: =Configurações!$B$22 -> Reserva/Futura 03 | E21: =Configurações!$C$22 -> 0 | F21: Não verificado | G21: Não verificado | H21: Não verificado
A22: =DATE(Configurações!$B$3,2,1) -> 46054 | B22: =TEXT(A22,"ddd") -> dom | C22: =Configurações!$A$23 -> CAM 17 | D22: =Configurações!$B$23 -> Reserva/Futura 04 | E22: =Configurações!$C$23 -> 0 | F22: Não verificado | G22: Não verificado | H22: Não verificado
A23: =DATE(Configurações!$B$3,2,1) -> 46054 | B23: =TEXT(A23,"ddd") -> dom | C23: =Configurações!$A$24 -> CAM 18 | D23: =Configurações!$B$24 -> Reserva/Futura 05 | E23: =Configurações!$C$24 -> 0 | F23: Não verificado | G23: Não verificado | H23: Não verificado
A24: =DATE(Configurações!$B$3,2,1) -> 46054 | B24: =TEXT(A24,"ddd") -> dom | C24: =Configurações!$A$25 -> CAM 19 | D24: =Configurações!$B$25 -> Reserva/Futura 06 | E24: =Configurações!$C$25 -> 0 | F24: Não verificado | G24: Não verificado | H24: Não verificado
A25: =DATE(Configurações!$B$3,2,1) -> 46054 | B25: =TEXT(A25,"ddd") -> dom | C25: =Configurações!$A$26 -> CAM 20 | D25: =Configurações!$B$26 -> Reserva/Futura 07 | E25: =Configurações!$C$26 -> 0 | F25: Não verificado | G25: Não verificado | H25: Não verificado
A26: =DATE(Configurações!$B$3,2,1) -> 46054 | B26: =TEXT(A26,"ddd") -> dom | C26: =Configurações!$A$27 -> CAM 21 | D26: =Configurações!$B$27 -> Reserva/Futura 08 | E26: =Configurações!$C$27 -> 0 | F26: Não verificado | G26: Não verificado | H26: Não verificado
A27: =DATE(Configurações!$B$3,2,1) -> 46054 | B27: =TEXT(A27,"ddd") -> dom | C27: =Configurações!$A$28 -> CAM 22 | D27: =Configurações!$B$28 -> Reserva/Futura 09 | E27: =Configurações!$C$28 -> 0 | F27: Não verificado | G27: Não verificado | H27: Não verificado
A28: =DATE(Configurações!$B$3,2,1) -> 46054 | B28: =TEXT(A28,"ddd") -> dom | C28: =Configurações!$A$29 -> CAM 23 | D28: =Configurações!$B$29 -> Reserva/Futura 10 | E28: =Configurações!$C$29 -> 0 | F28: Não verificado | G28: Não verificado | H28: Não verificado
A29: =DATE(Configurações!$B$3,2,2) -> 46055 | B29: =TEXT(A29,"ddd") -> seg | C29: =Configurações!$A$7 -> CAM 01 | D29: =Configurações!$B$7 -> BARU ANDES | E29: =Configurações!$C$7 -> 0 | F29: Não verificado | G29: Não verificado | H29: Não verificado
A30: =DATE(Configurações!$B$3,2,2) -> 46055 | B30: =TEXT(A30,"ddd") -> seg | C30: =Configurações!$A$8 -> CAM 02 | D30: =Configurações!$B$8 -> Câmera 02 | E30: =Configurações!$C$8 -> 0 | F30: Não verificado | G30: Não verificado | H30: Não verificado
A31: =DATE(Configurações!$B$3,2,2) -> 46055 | B31: =TEXT(A31,"ddd") -> seg | C31: =Configurações!$A$9 -> CAM 03 | D31: =Configurações!$B$9 -> Câmera 03 | E31: =Configurações!$C$9 -> 0 | F31: Não verificado | G31: Não verificado | H31: Não verificado
A32: =DATE(Configurações!$B$3,2,2) -> 46055 | B32: =TEXT(A32,"ddd") -> seg | C32: =Configurações!$A$10 -> CAM 04 | D32: =Configurações!$B$10 -> Câmera 04 | E32: =Configurações!$C$10 -> 0 | F32: Não verificado | G32: Não verificado | H32: Não verificado
A33: =DATE(Configurações!$B$3,2,2) -> 46055 | B33: =TEXT(A33,"ddd") -> seg | C33: =Configurações!$A$11 -> CAM 05 | D33: =Configurações!$B$11 -> Câmera 05 | E33: =Configurações!$C$11 -> 0 | F33: Não verificado | G33: Não verificado | H33: Não verificado
A34: =DATE(Configurações!$B$3,2,2) -> 46055 | B34: =TEXT(A34,"ddd") -> seg | C34: =Configurações!$A$12 -> CAM 06 | D34: =Configurações!$B$12 -> Câmera 06 | E34: =Configurações!$C$12 -> 0 | F34: Não verificado | G34: Não verificado | H34: Não verificado
A35: =DATE(Configurações!$B$3,2,2) -> 46055 | B35: =TEXT(A35,"ddd") -> seg | C35: =Configurações!$A$13 -> CAM 07 | D35: =Configurações!$B$13 -> Câmera 07 | E35: =Configurações!$C$13 -> 0 | F35: Não verificado | G35: Não verificado | H35: Não verificado
A36: =DATE(Configurações!$B$3,2,2) -> 46055 | B36: =TEXT(A36,"ddd") -> seg | C36: =Configurações!$A$14 -> CAM 08 | D36: =Configurações!$B$14 -> Câmera 08 | E36: =Configurações!$C$14 -> 0 | F36: Não verificado | G36: Não verificado | H36: Não verificado
A37: =DATE(Configurações!$B$3,2,2) -> 46055 | B37: =TEXT(A37,"ddd") -> seg | C37: =Configurações!$A$15 -> CAM 09 | D37: =Configurações!$B$15 -> Câmera 09 | E37: =Configurações!$C$15 -> 0 | F37: Não verificado | G37: Não verificado | H37: Não verificado
A38: =DATE(Configurações!$B$3,2,2) -> 46055 | B38: =TEXT(A38,"ddd") -> seg | C38: =Configurações!$A$16 -> CAM 10 | D38: =Configurações!$B$16 -> Câmera 10 | E38: =Configurações!$C$16 -> 0 | F38: Não verificado | G38: Não verificado | H38: Não verificado
A39: =DATE(Configurações!$B$3,2,2) -> 46055 | B39: =TEXT(A39,"ddd") -> seg | C39: =Configurações!$A$17 -> CAM 11 | D39: =Configurações!$B$17 -> Câmera 11 | E39: =Configurações!$C$17 -> 0 | F39: Não verificado | G39: Não verificado | H39: Não verificado
A40: =DATE(Configurações!$B$3,2,2) -> 46055 | B40: =TEXT(A40,"ddd") -> seg | C40: =Configurações!$A$18 -> CAM 12 | D40: =Configurações!$B$18 -> Câmera 12 | E40: =Configurações!$C$18 -> 0 | F40: Não verificado | G40: Não verificado | H40: Não verificado
A41: =DATE(Configurações!$B$3,2,2) -> 46055 | B41: =TEXT(A41,"ddd") -> seg | C41: =Configurações!$A$19 -> CAM 13 | D41: =Configurações!$B$19 -> Câmera 13 | E41: =Configurações!$C$19 -> 0 | F41: Não verificado | G41: Não verificado | H41: Não verificado
A42: =DATE(Configurações!$B$3,2,2) -> 46055 | B42: =TEXT(A42,"ddd") -> seg | C42: =Configurações!$A$20 -> CAM 14 | D42: =Configurações!$B$20 -> Reserva/Futura 01 | E42: =Configurações!$C$20 -> 0 | F42: Não verificado | G42: Não verificado | H42: Não verificado
A43: =DATE(Configurações!$B$3,2,2) -> 46055 | B43: =TEXT(A43,"ddd") -> seg | C43: =Configurações!$A$21 -> CAM 15 | D43: =Configurações!$B$21 -> Reserva/Futura 02 | E43: =Configurações!$C$21 -> 0 | F43: Não verificado | G43: Não verificado | H43: Não verificado
A44: =DATE(Configurações!$B$3,2,2) -> 46055 | B44: =TEXT(A44,"ddd") -> seg | C44: =Configurações!$A$22 -> CAM 16 | D44: =Configurações!$B$22 -> Reserva/Futura 03 | E44: =Configurações!$C$22 -> 0 | F44: Não verificado | G44: Não verificado | H44: Não verificado
A45: =DATE(Configurações!$B$3,2,2) -> 46055 | B45: =TEXT(A45,"ddd") -> seg | C45: =Configurações!$A$23 -> CAM 17 | D45: =Configurações!$B$23 -> Reserva/Futura 04 | E45: =Configurações!$C$23 -> 0 | F45: Não verificado | G45: Não verificado | H45: Não verificado
A46: =DATE(Configurações!$B$3,2,2) -> 46055 | B46: =TEXT(A46,"ddd") -> seg | C46: =Configurações!$A$24 -> CAM 18 | D46: =Configurações!$B$24 -> Reserva/Futura 05 | E46: =Configurações!$C$24 -> 0 | F46: Não verificado | G46: Não verificado | H46: Não verificado
A47: =DATE(Configurações!$B$3,2,2) -> 46055 | B47: =TEXT(A47,"ddd") -> seg | C47: =Configurações!$A$25 -> CAM 19 | D47: =Configurações!$B$25 -> Reserva/Futura 06 | E47: =Configurações!$C$25 -> 0 | F47: Não verificado | G47: Não verificado | H47: Não verificado
A48: =DATE(Configurações!$B$3,2,2) -> 46055 | B48: =TEXT(A48,"ddd") -> seg | C48: =Configurações!$A$26 -> CAM 20 | D48: =Configurações!$B$26 -> Reserva/Futura 07 | E48: =Configurações!$C$26 -> 0 | F48: Não verificado | G48: Não verificado | H48: Não verificado
A49: =DATE(Configurações!$B$3,2,2) -> 46055 | B49: =TEXT(A49,"ddd") -> seg | C49: =Configurações!$A$27 -> CAM 21 | D49: =Configurações!$B$27 -> Reserva/Futura 08 | E49: =Configurações!$C$27 -> 0 | F49: Não verificado | G49: Não verificado | H49: Não verificado
A50: =DATE(Configurações!$B$3,2,2) -> 46055 | B50: =TEXT(A50,"ddd") -> seg | C50: =Configurações!$A$28 -> CAM 22 | D50: =Configurações!$B$28 -> Reserva/Futura 09 | E50: =Configurações!$C$28 -> 0 | F50: Não verificado | G50: Não verificado | H50: Não verificado
A51: =DATE(Configurações!$B$3,2,2) -> 46055 | B51: =TEXT(A51,"ddd") -> seg | C51: =Configurações!$A$29 -> CAM 23 | D51: =Configurações!$B$29 -> Reserva/Futura 10 | E51: =Configurações!$C$29 -> 0 | F51: Não verificado | G51: Não verificado | H51: Não verificado
A52: =DATE(Configurações!$B$3,2,3) -> 46056 | B52: =TEXT(A52,"ddd") -> ter | C52: =Configurações!$A$7 -> CAM 01 | D52: =Configurações!$B$7 -> BARU ANDES | E52: =Configurações!$C$7 -> 0 | F52: Não verificado | G52: Não verificado | H52: Não verificado
A53: =DATE(Configurações!$B$3,2,3) -> 46056 | B53: =TEXT(A53,"ddd") -> ter | C53: =Configurações!$A$8 -> CAM 02 | D53: =Configurações!$B$8 -> Câmera 02 | E53: =Configurações!$C$8 -> 0 | F53: Não verificado | G53: Não verificado | H53: Não verificado
A54: =DATE(Configurações!$B$3,2,3) -> 46056 | B54: =TEXT(A54,"ddd") -> ter | C54: =Configurações!$A$9 -> CAM 03 | D54: =Configurações!$B$9 -> Câmera 03 | E54: =Configurações!$C$9 -> 0 | F54: Não verificado | G54: Não verificado | H54: Não verificado
A55: =DATE(Configurações!$B$3,2,3) -> 46056 | B55: =TEXT(A55,"ddd") -> ter | C55: =Configurações!$A$10 -> CAM 04 | D55: =Configurações!$B$10 -> Câmera 04 | E55: =Configurações!$C$10 -> 0 | F55: Não verificado | G55: Não verificado | H55: Não verificado
A56: =DATE(Configurações!$B$3,2,3) -> 46056 | B56: =TEXT(A56,"ddd") -> ter | C56: =Configurações!$A$11 -> CAM 05 | D56: =Configurações!$B$11 -> Câmera 05 | E56: =Configurações!$C$11 -> 0 | F56: Não verificado | G56: Não verificado | H56: Não verificado
A57: =DATE(Configurações!$B$3,2,3) -> 46056 | B57: =TEXT(A57,"ddd") -> ter | C57: =Configurações!$A$12 -> CAM 06 | D57: =Configurações!$B$12 -> Câmera 06 | E57: =Configurações!$C$12 -> 0 | F57: Não verificado | G57: Não verificado | H57: Não verificado
A58: =DATE(Configurações!$B$3,2,3) -> 46056 | B58: =TEXT(A58,"ddd") -> ter | C58: =Configurações!$A$13 -> CAM 07 | D58: =Configurações!$B$13 -> Câmera 07 | E58: =Configurações!$C$13 -> 0 | F58: Não verificado | G58: Não verificado | H58: Não verificado
A59: =DATE(Configurações!$B$3,2,3) -> 46056 | B59: =TEXT(A59,"ddd") -> ter | C59: =Configurações!$A$14 -> CAM 08 | D59: =Configurações!$B$14 -> Câmera 08 | E59: =Configurações!$C$14 -> 0 | F59: Não verificado | G59: Não verificado | H59: Não verificado
A60: =DATE(Configurações!$B$3,2,3) -> 46056 | B60: =TEXT(A60,"ddd") -> ter | C60: =Configurações!$A$15 -> CAM 09 | D60: =Configurações!$B$15 -> Câmera 09 | E60: =Configurações!$C$15 -> 0 | F60: Não verificado | G60: Não verificado | H60: Não verificado
A61: =DATE(Configurações!$B$3,2,3) -> 46056 | B61: =TEXT(A61,"ddd") -> ter | C61: =Configurações!$A$16 -> CAM 10 | D61: =Configurações!$B$16 -> Câmera 10 | E61: =Configurações!$C$16 -> 0 | F61: Não verificado | G61: Não verificado | H61: Não verificado
A62: =DATE(Configurações!$B$3,2,3) -> 46056 | B62: =TEXT(A62,"ddd") -> ter | C62: =Configurações!$A$17 -> CAM 11 | D62: =Configurações!$B$17 -> Câmera 11 | E62: =Configurações!$C$17 -> 0 | F62: Não verificado | G62: Não verificado | H62: Não verificado
A63: =DATE(Configurações!$B$3,2,3) -> 46056 | B63: =TEXT(A63,"ddd") -> ter | C63: =Configurações!$A$18 -> CAM 12 | D63: =Configurações!$B$18 -> Câmera 12 | E63: =Configurações!$C$18 -> 0 | F63: Não verificado | G63: Não verificado | H63: Não verificado
A64: =DATE(Configurações!$B$3,2,3) -> 46056 | B64: =TEXT(A64,"ddd") -> ter | C64: =Configurações!$A$19 -> CAM 13 | D64: =Configurações!$B$19 -> Câmera 13 | E64: =Configurações!$C$19 -> 0 | F64: Não verificado | G64: Não verificado | H64: Não verificado
A65: =DATE(Configurações!$B$3,2,3) -> 46056 | B65: =TEXT(A65,"ddd") -> ter | C65: =Configurações!$A$20 -> CAM 14 | D65: =Configurações!$B$20 -> Reserva/Futura 01 | E65: =Configurações!$C$20 -> 0 | F65: Não verificado | G65: Não verificado | H65: Não verificado
A66: =DATE(Configurações!$B$3,2,3) -> 46056 | B66: =TEXT(A66,"ddd") -> ter | C66: =Configurações!$A$21 -> CAM 15 | D66: =Configurações!$B$21 -> Reserva/Futura 02 | E66: =Configurações!$C$21 -> 0 | F66: Não verificado | G66: Não verificado | H66: Não verificado
A67: =DATE(Configurações!$B$3,2,3) -> 46056 | B67: =TEXT(A67,"ddd") -> ter | C67: =Configurações!$A$22 -> CAM 16 | D67: =Configurações!$B$22 -> Reserva/Futura 03 | E67: =Configurações!$C$22 -> 0 | F67: Não verificado | G67: Não verificado | H67: Não verificado
A68: =DATE(Configurações!$B$3,2,3) -> 46056 | B68: =TEXT(A68,"ddd") -> ter | C68: =Configurações!$A$23 -> CAM 17 | D68: =Configurações!$B$23 -> Reserva/Futura 04 | E68: =Configurações!$C$23 -> 0 | F68: Não verificado | G68: Não verificado | H68: Não verificado
A69: =DATE(Configurações!$B$3,2,3) -> 46056 | B69: =TEXT(A69,"ddd") -> ter | C69: =Configurações!$A$24 -> CAM 18 | D69: =Configurações!$B$24 -> Reserva/Futura 05 | E69: =Configurações!$C$24 -> 0 | F69: Não verificado | G69: Não verificado | H69: Não verificado
A70: =DATE(Configurações!$B$3,2,3) -> 46056 | B70: =TEXT(A70,"ddd") -> ter | C70: =Configurações!$A$25 -> CAM 19 | D70: =Configurações!$B$25 -> Reserva/Futura 06 | E70: =Configurações!$C$25 -> 0 | F70: Não verificado | G70: Não verificado | H70: Não verificado
A71: =DATE(Configurações!$B$3,2,3) -> 46056 | B71: =TEXT(A71,"ddd") -> ter | C71: =Configurações!$A$26 -> CAM 20 | D71: =Configurações!$B$26 -> Reserva/Futura 07 | E71: =Configurações!$C$26 -> 0 | F71: Não verificado | G71: Não verificado | H71: Não verificado
A72: =DATE(Configurações!$B$3,2,3) -> 46056 | B72: =TEXT(A72,"ddd") -> ter | C72: =Configurações!$A$27 -> CAM 21 | D72: =Configurações!$B$27 -> Reserva/Futura 08 | E72: =Configurações!$C$27 -> 0 | F72: Não verificado | G72: Não verificado | H72: Não verificado
A73: =DATE(Configurações!$B$3,2,3) -> 46056 | B73: =TEXT(A73,"ddd") -> ter | C73: =Configurações!$A$28 -> CAM 22 | D73: =Configurações!$B$28 -> Reserva/Futura 09 | E73: =Configurações!$C$28 -> 0 | F73: Não verificado | G73: Não verificado | H73: Não verificado
A74: =DATE(Configurações!$B$3,2,3) -> 46056 | B74: =TEXT(A74,"ddd") -> ter | C74: =Configurações!$A$29 -> CAM 23 | D74: =Configurações!$B$29 -> Reserva/Futura 10 | E74: =Configurações!$C$29 -> 0 | F74: Não verificado | G74: Não verificado | H74: Não verificado
A75: =DATE(Configurações!$B$3,2,4) -> 46057 | B75: =TEXT(A75,"ddd") -> qua | C75: =Configurações!$A$7 -> CAM 01 | D75: =Configurações!$B$7 -> BARU ANDES | E75: =Configurações!$C$7 -> 0 | F75: Não verificado | G75: Não verificado | H75: Não verificado
A76: =DATE(Configurações!$B$3,2,4) -> 46057 | B76: =TEXT(A76,"ddd") -> qua | C76: =Configurações!$A$8 -> CAM 02 | D76: =Configurações!$B$8 -> Câmera 02 | E76: =Configurações!$C$8 -> 0 | F76: Não verificado | G76: Não verificado | H76: Não verificado
A77: =DATE(Configurações!$B$3,2,4) -> 46057 | B77: =TEXT(A77,"ddd") -> qua | C77: =Configurações!$A$9 -> CAM 03 | D77: =Configurações!$B$9 -> Câmera 03 | E77: =Configurações!$C$9 -> 0 | F77: Não verificado | G77: Não verificado | H77: Não verificado
A78: =DATE(Configurações!$B$3,2,4) -> 46057 | B78: =TEXT(A78,"ddd") -> qua | C78: =Configurações!$A$10 -> CAM 04 | D78: =Configurações!$B$10 -> Câmera 04 | E78: =Configurações!$C$10 -> 0 | F78: Não verificado | G78: Não verificado | H78: Não verificado
A79: =DATE(Configurações!$B$3,2,4) -> 46057 | B79: =TEXT(A79,"ddd") -> qua | C79: =Configurações!$A$11 -> CAM 05 | D79: =Configurações!$B$11 -> Câmera 05 | E79: =Configurações!$C$11 -> 0 | F79: Não verificado | G79: Não verificado | H79: Não verificado
A80: =DATE(Configurações!$B$3,2,4) -> 46057 | B80: =TEXT(A80,"ddd") -> qua | C80: =Configurações!$A$12 -> CAM 06 | D80: =Configurações!$B$12 -> Câmera 06 | E80: =Configurações!$C$12 -> 0 | F80: Não verificado | G80: Não verificado | H80: Não verificado
A81: =DATE(Configurações!$B$3,2,4) -> 46057 | B81: =TEXT(A81,"ddd") -> qua | C81: =Configurações!$A$13 -> CAM 07 | D81: =Configurações!$B$13 -> Câmera 07 | E81: =Configurações!$C$13 -> 0 | F81: Não verificado | G81: Não verificado | H81: Não verificado
A82: =DATE(Configurações!$B$3,2,4) -> 46057 | B82: =TEXT(A82,"ddd") -> qua | C82: =Configurações!$A$14 -> CAM 08 | D82: =Configurações!$B$14 -> Câmera 08 | E82: =Configurações!$C$14 -> 0 | F82: Não verificado | G82: Não verificado | H82: Não verificado
A83: =DATE(Configurações!$B$3,2,4) -> 46057 | B83: =TEXT(A83,"ddd") -> qua | C83: =Configurações!$A$15 -> CAM 09 | D83: =Configurações!$B$15 -> Câmera 09 | E83: =Configurações!$C$15 -> 0 | F83: Não verificado | G83: Não verificado | H83: Não verificado
A84: =DATE(Configurações!$B$3,2,4) -> 46057 | B84: =TEXT(A84,"ddd") -> qua | C84: =Configurações!$A$16 -> CAM 10 | D84: =Configurações!$B$16 -> Câmera 10 | E84: =Configurações!$C$16 -> 0 | F84: Não verificado | G84: Não verificado | H84: Não verificado
A85: =DATE(Configurações!$B$3,2,4) -> 46057 | B85: =TEXT(A85,"ddd") -> qua | C85: =Configurações!$A$17 -> CAM 11 | D85: =Configurações!$B$17 -> Câmera 11 | E85: =Configurações!$C$17 -> 0 | F85: Não verificado | G85: Não verificado | H85: Não verificado
A86: =DATE(Configurações!$B$3,2,4) -> 46057 | B86: =TEXT(A86,"ddd") -> qua | C86: =Configurações!$A$18 -> CAM 12 | D86: =Configurações!$B$18 -> Câmera 12 | E86: =Configurações!$C$18 -> 0 | F86: Não verificado | G86: Não verificado | H86: Não verificado
A87: =DATE(Configurações!$B$3,2,4) -> 46057 | B87: =TEXT(A87,"ddd") -> qua | C87: =Configurações!$A$19 -> CAM 13 | D87: =Configurações!$B$19 -> Câmera 13 | E87: =Configurações!$C$19 -> 0 | F87: Não verificado | G87: Não verificado | H87: Não verificado
A88: =DATE(Configurações!$B$3,2,4) -> 46057 | B88: =TEXT(A88,"ddd") -> qua | C88: =Configurações!$A$20 -> CAM 14 | D88: =Configurações!$B$20 -> Reserva/Futura 01 | E88: =Configurações!$C$20 -> 0 | F88: Não verificado | G88: Não verificado | H88: Não verificado
A89: =DATE(Configurações!$B$3,2,4) -> 46057 | B89: =TEXT(A89,"ddd") -> qua | C89: =Configurações!$A$21 -> CAM 15 | D89: =Configurações!$B$21 -> Reserva/Futura 02 | E89: =Configurações!$C$21 -> 0 | F89: Não verificado | G89: Não verificado | H89: Não verificado
A90: =DATE(Configurações!$B$3,2,4) -> 46057 | B90: =TEXT(A90,"ddd") -> qua | C90: =Configurações!$A$22 -> CAM 16 | D90: =Configurações!$B$22 -> Reserva/Futura 03 | E90: =Configurações!$C$22 -> 0 | F90: Não verificado | G90: Não verificado | H90: Não verificado
A91: =DATE(Configurações!$B$3,2,4) -> 46057 | B91: =TEXT(A91,"ddd") -> qua | C91: =Configurações!$A$23 -> CAM 17 | D91: =Configurações!$B$23 -> Reserva/Futura 04 | E91: =Configurações!$C$23 -> 0 | F91: Não verificado | G91: Não verificado | H91: Não verificado
A92: =DATE(Configurações!$B$3,2,4) -> 46057 | B92: =TEXT(A92,"ddd") -> qua | C92: =Configurações!$A$24 -> CAM 18 | D92: =Configurações!$B$24 -> Reserva/Futura 05 | E92: =Configurações!$C$24 -> 0 | F92: Não verificado | G92: Não verificado | H92: Não verificado
A93: =DATE(Configurações!$B$3,2,4) -> 46057 | B93: =TEXT(A93,"ddd") -> qua | C93: =Configurações!$A$25 -> CAM 19 | D93: =Configurações!$B$25 -> Reserva/Futura 06 | E93: =Configurações!$C$25 -> 0 | F93: Não verificado | G93: Não verificado | H93: Não verificado
A94: =DATE(Configurações!$B$3,2,4) -> 46057 | B94: =TEXT(A94,"ddd") -> qua | C94: =Configurações!$A$26 -> CAM 20 | D94: =Configurações!$B$26 -> Reserva/Futura 07 | E94: =Configurações!$C$26 -> 0 | F94: Não verificado | G94: Não verificado | H94: Não verificado
A95: =DATE(Configurações!$B$3,2,4) -> 46057 | B95: =TEXT(A95,"ddd") -> qua | C95: =Configurações!$A$27 -> CAM 21 | D95: =Configurações!$B$27 -> Reserva/Futura 08 | E95: =Configurações!$C$27 -> 0 | F95: Não verificado | G95: Não verificado | H95: Não verificado
A96: =DATE(Configurações!$B$3,2,4) -> 46057 | B96: =TEXT(A96,"ddd") -> qua | C96: =Configurações!$A$28 -> CAM 22 | D96: =Configurações!$B$28 -> Reserva/Futura 09 | E96: =Configurações!$C$28 -> 0 | F96: Não verificado | G96: Não verificado | H96: Não verificado
A97: =DATE(Configurações!$B$3,2,4) -> 46057 | B97: =TEXT(A97,"ddd") -> qua | C97: =Configurações!$A$29 -> CAM 23 | D97: =Configurações!$B$29 -> Reserva/Futura 10 | E97: =Configurações!$C$29 -> 0 | F97: Não verificado | G97: Não verificado | H97: Não verificado
A98: =DATE(Configurações!$B$3,2,5) -> 46058 | B98: =TEXT(A98,"ddd") -> qui | C98: =Configurações!$A$7 -> CAM 01 | D98: =Configurações!$B$7 -> BARU ANDES | E98: =Configurações!$C$7 -> 0 | F98: Não verificado | G98: Não verificado | H98: Não verificado
A99: =DATE(Configurações!$B$3,2,5) -> 46058 | B99: =TEXT(A99,"ddd") -> qui | C99: =Configurações!$A$8 -> CAM 02 | D99: =Configurações!$B$8 -> Câmera 02 | E99: =Configurações!$C$8 -> 0 | F99: Não verificado | G99: Não verificado | H99: Não verificado
A100: =DATE(Configurações!$B$3,2,5) -> 46058 | B100: =TEXT(A100,"ddd") -> qui | C100: =Configurações!$A$9 -> CAM 03 | D100: =Configurações!$B$9 -> Câmera 03 | E100: =Configurações!$C$9 -> 0 | F100: Não verificado | G100: Não verificado | H100: Não verificado
A101: =DATE(Configurações!$B$3,2,5) -> 46058 | B101: =TEXT(A101,"ddd") -> qui | C101: =Configurações!$A$10 -> CAM 04 | D101: =Configurações!$B$10 -> Câmera 04 | E101: =Configurações!$C$10 -> 0 | F101: Não verificado | G101: Não verificado | H101: Não verificado
...

Sheet Março
A1: CONTROLE DE MONITORAMENTO DE CÂMERAS - MARÇO
A2: Status por horário: Online / Offline / Manutenção / Não verificado. Campo livre para evento técnico e comportamento do colaborador.
M4: RESUMO DO MÊS
A5: Data | B5: Dia | C5: ID | D5: Nome da Câmera | E5: Embarcação/Local | F5: 10:00 | G5: 13:00 | H5: 16:00 | I5: Evento Técnico Online/Offline | J5: Comportamento do Colaborador | K5: Responsável | M5: Indicador | N5: Total | O5: % | P5: Meta | Q5: Observação
A6: =DATE(Configurações!$B$3,3,1) -> 46082 | B6: =TEXT(A6,"ddd") -> dom | C6: =Configurações!$A$7 -> CAM 01 | D6: =Configurações!$B$7 -> BARU ANDES | E6: =Configurações!$C$7 -> 0 | F6: Não verificado | G6: Não verificado | H6: Não verificado | M6: Online | N6: =COUNTIF(F6:H718,"Online") -> 0 | O6: =IFERROR(N6/(N6+N7+N8),0) -> 0 | P6: >=95%
A7: =DATE(Configurações!$B$3,3,1) -> 46082 | B7: =TEXT(A7,"ddd") -> dom | C7: =Configurações!$A$8 -> CAM 02 | D7: =Configurações!$B$8 -> Câmera 02 | E7: =Configurações!$C$8 -> 0 | F7: Não verificado | G7: Não verificado | H7: Não verificado | M7: Offline | N7: =COUNTIF(F6:H718,"Offline") -> 0 | O7: =IFERROR(N7/(N6+N7+N8),0) -> 0 | P7: <=5%
A8: =DATE(Configurações!$B$3,3,1) -> 46082 | B8: =TEXT(A8,"ddd") -> dom | C8: =Configurações!$A$9 -> CAM 03 | D8: =Configurações!$B$9 -> Câmera 03 | E8: =Configurações!$C$9 -> 0 | F8: Não verificado | G8: Não verificado | H8: Não verificado | M8: Manutenção | N8: =COUNTIF(F6:H718,"Manutenção") -> 0 | O8: =IFERROR(N8/(N6+N7+N8),0) -> 0
A9: =DATE(Configurações!$B$3,3,1) -> 46082 | B9: =TEXT(A9,"ddd") -> dom | C9: =Configurações!$A$10 -> CAM 04 | D9: =Configurações!$B$10 -> Câmera 04 | E9: =Configurações!$C$10 -> 0 | F9: Não verificado | G9: Não verificado | H9: Não verificado | M9: Não verificado | N9: =COUNTIF(F6:H718,"Não verificado") -> 2139 | O9: =IFERROR(N9/(N6+N7+N8+N9),0) -> 1 | P9: zerar no fechamento
A10: =DATE(Configurações!$B$3,3,1) -> 46082 | B10: =TEXT(A10,"ddd") -> dom | C10: =Configurações!$A$11 -> CAM 05 | D10: =Configurações!$B$11 -> Câmera 05 | E10: =Configurações!$C$11 -> 0 | F10: Não verificado | G10: Não verificado | H10: Não verificado | M10: Eventos registrados | N10: =COUNTA(I6:J718) -> 0
A11: =DATE(Configurações!$B$3,3,1) -> 46082 | B11: =TEXT(A11,"ddd") -> dom | C11: =Configurações!$A$12 -> CAM 06 | D11: =Configurações!$B$12 -> Câmera 06 | E11: =Configurações!$C$12 -> 0 | F11: Não verificado | G11: Não verificado | H11: Não verificado
A12: =DATE(Configurações!$B$3,3,1) -> 46082 | B12: =TEXT(A12,"ddd") -> dom | C12: =Configurações!$A$13 -> CAM 07 | D12: =Configurações!$B$13 -> Câmera 07 | E12: =Configurações!$C$13 -> 0 | F12: Não verificado | G12: Não verificado | H12: Não verificado
A13: =DATE(Configurações!$B$3,3,1) -> 46082 | B13: =TEXT(A13,"ddd") -> dom | C13: =Configurações!$A$14 -> CAM 08 | D13: =Configurações!$B$14 -> Câmera 08 | E13: =Configurações!$C$14 -> 0 | F13: Não verificado | G13: Não verificado | H13: Não verificado
A14: =DATE(Configurações!$B$3,3,1) -> 46082 | B14: =TEXT(A14,"ddd") -> dom | C14: =Configurações!$A$15 -> CAM 09 | D14: =Configurações!$B$15 -> Câmera 09 | E14: =Configurações!$C$15 -> 0 | F14: Não verificado | G14: Não verificado | H14: Não verificado
A15: =DATE(Configurações!$B$3,3,1) -> 46082 | B15: =TEXT(A15,"ddd") -> dom | C15: =Configurações!$A$16 -> CAM 10 | D15: =Configurações!$B$16 -> Câmera 10 | E15: =Configurações!$C$16 -> 0 | F15: Não verificado | G15: Não verificado | H15: Não verificado
A16: =DATE(Configurações!$B$3,3,1) -> 46082 | B16: =TEXT(A16,"ddd") -> dom | C16: =Configurações!$A$17 -> CAM 11 | D16: =Configurações!$B$17 -> Câmera 11 | E16: =Configurações!$C$17 -> 0 | F16: Não verificado | G16: Não verificado | H16: Não verificado
A17: =DATE(Configurações!$B$3,3,1) -> 46082 | B17: =TEXT(A17,"ddd") -> dom | C17: =Configurações!$A$18 -> CAM 12 | D17: =Configurações!$B$18 -> Câmera 12 | E17: =Configurações!$C$18 -> 0 | F17: Não verificado | G17: Não verificado | H17: Não verificado
A18: =DATE(Configurações!$B$3,3,1) -> 46082 | B18: =TEXT(A18,"ddd") -> dom | C18: =Configurações!$A$19 -> CAM 13 | D18: =Configurações!$B$19 -> Câmera 13 | E18: =Configurações!$C$19 -> 0 | F18: Não verificado | G18: Não verificado | H18: Não verificado
A19: =DATE(Configurações!$B$3,3,1) -> 46082 | B19: =TEXT(A19,"ddd") -> dom | C19: =Configurações!$A$20 -> CAM 14 | D19: =Configurações!$B$20 -> Reserva/Futura 01 | E19: =Configurações!$C$20 -> 0 | F19: Não verificado | G19: Não verificado | H19: Não verificado
A20: =DATE(Configurações!$B$3,3,1) -> 46082 | B20: =TEXT(A20,"ddd") -> dom | C20: =Configurações!$A$21 -> CAM 15 | D20: =Configurações!$B$21 -> Reserva/Futura 02 | E20: =Configurações!$C$21 -> 0 | F20: Não verificado | G20: Não verificado | H20: Não verificado
A21: =DATE(Configurações!$B$3,3,1) -> 46082 | B21: =TEXT(A21,"ddd") -> dom | C21: =Configurações!$A$22 -> CAM 16 | D21: =Configurações!$B$22 -> Reserva/Futura 03 | E21: =Configurações!$C$22 -> 0 | F21: Não verificado | G21: Não verificado | H21: Não verificado
A22: =DATE(Configurações!$B$3,3,1) -> 46082 | B22: =TEXT(A22,"ddd") -> dom | C22: =Configurações!$A$23 -> CAM 17 | D22: =Configurações!$B$23 -> Reserva/Futura 04 | E22: =Configurações!$C$23 -> 0 | F22: Não verificado | G22: Não verificado | H22: Não verificado
A23: =DATE(Configurações!$B$3,3,1) -> 46082 | B23: =TEXT(A23,"ddd") -> dom | C23: =Configurações!$A$24 -> CAM 18 | D23: =Configurações!$B$24 -> Reserva/Futura 05 | E23: =Configurações!$C$24 -> 0 | F23: Não verificado | G23: Não verificado | H23: Não verificado
A24: =DATE(Configurações!$B$3,3,1) -> 46082 | B24: =TEXT(A24,"ddd") -> dom | C24: =Configurações!$A$25 -> CAM 19 | D24: =Configurações!$B$25 -> Reserva/Futura 06 | E24: =Configurações!$C$25 -> 0 | F24: Não verificado | G24: Não verificado | H24: Não verificado
A25: =DATE(Configurações!$B$3,3,1) -> 46082 | B25: =TEXT(A25,"ddd") -> dom | C25: =Configurações!$A$26 -> CAM 20 | D25: =Configurações!$B$26 -> Reserva/Futura 07 | E25: =Configurações!$C$26 -> 0 | F25: Não verificado | G25: Não verificado | H25: Não verificado
A26: =DATE(Configurações!$B$3,3,1) -> 46082 | B26: =TEXT(A26,"ddd") -> dom | C26: =Configurações!$A$27 -> CAM 21 | D26: =Configurações!$B$27 -> Reserva/Futura 08 | E26: =Configurações!$C$27 -> 0 | F26: Não verificado | G26: Não verificado | H26: Não verificado
A27: =DATE(Configurações!$B$3,3,1) -> 46082 | B27: =TEXT(A27,"ddd") -> dom | C27: =Configurações!$A$28 -> CAM 22 | D27: =Configurações!$B$28 -> Reserva/Futura 09 | E27: =Configurações!$C$28 -> 0 | F27: Não verificado | G27: Não verificado | H27: Não verificado
A28: =DATE(Configurações!$B$3,3,1) -> 46082 | B28: =TEXT(A28,"ddd") -> dom | C28: =Configurações!$A$29 -> CAM 23 | D28: =Configurações!$B$29 -> Reserva/Futura 10 | E28: =Configurações!$C$29 -> 0 | F28: Não verificado | G28: Não verificado | H28: Não verificado
A29: =DATE(Configurações!$B$3,3,2) -> 46083 | B29: =TEXT(A29,"ddd") -> seg | C29: =Configurações!$A$7 -> CAM 01 | D29: =Configurações!$B$7 -> BARU ANDES | E29: =Configurações!$C$7 -> 0 | F29: Não verificado | G29: Não verificado | H29: Não verificado
A30: =DATE(Configurações!$B$3,3,2) -> 46083 | B30: =TEXT(A30,"ddd") -> seg | C30: =Configurações!$A$8 -> CAM 02 | D30: =Configurações!$B$8 -> Câmera 02 | E30: =Configurações!$C$8 -> 0 | F30: Não verificado | G30: Não verificado | H30: Não verificado
A31: =DATE(Configurações!$B$3,3,2) -> 46083 | B31: =TEXT(A31,"ddd") -> seg | C31: =Configurações!$A$9 -> CAM 03 | D31: =Configurações!$B$9 -> Câmera 03 | E31: =Configurações!$C$9 -> 0 | F31: Não verificado | G31: Não verificado | H31: Não verificado
A32: =DATE(Configurações!$B$3,3,2) -> 46083 | B32: =TEXT(A32,"ddd") -> seg | C32: =Configurações!$A$10 -> CAM 04 | D32: =Configurações!$B$10 -> Câmera 04 | E32: =Configurações!$C$10 -> 0 | F32: Não verificado | G32: Não verificado | H32: Não verificado
A33: =DATE(Configurações!$B$3,3,2) -> 46083 | B33: =TEXT(A33,"ddd") -> seg | C33: =Configurações!$A$11 -> CAM 05 | D33: =Configurações!$B$11 -> Câmera 05 | E33: =Configurações!$C$11 -> 0 | F33: Não verificado | G33: Não verificado | H33: Não verificado
A34: =DATE(Configurações!$B$3,3,2) -> 46083 | B34: =TEXT(A34,"ddd") -> seg | C34: =Configurações!$A$12 -> CAM 06 | D34: =Configurações!$B$12 -> Câmera 06 | E34: =Configurações!$C$12 -> 0 | F34: Não verificado | G34: Não verificado | H34: Não verificado
A35: =DATE(Configurações!$B$3,3,2) -> 46083 | B35: =TEXT(A35,"ddd") -> seg | C35: =Configurações!$A$13 -> CAM 07 | D35: =Configurações!$B$13 -> Câmera 07 | E35: =Configurações!$C$13 -> 0 | F35: Não verificado | G35: Não verificado | H35: Não verificado
A36: =DATE(Configurações!$B$3,3,2) -> 46083 | B36: =TEXT(A36,"ddd") -> seg | C36: =Configurações!$A$14 -> CAM 08 | D36: =Configurações!$B$14 -> Câmera 08 | E36: =Configurações!$C$14 -> 0 | F36: Não verificado | G36: Não verificado | H36: Não verificado
A37: =DATE(Configurações!$B$3,3,2) -> 46083 | B37: =TEXT(A37,"ddd") -> seg | C37: =Configurações!$A$15 -> CAM 09 | D37: =Configurações!$B$15 -> Câmera 09 | E37: =Configurações!$C$15 -> 0 | F37: Não verificado | G37: Não verificado | H37: Não verificado
A38: =DATE(Configurações!$B$3,3,2) -> 46083 | B38: =TEXT(A38,"ddd") -> seg | C38: =Configurações!$A$16 -> CAM 10 | D38: =Configurações!$B$16 -> Câmera 10 | E38: =Configurações!$C$16 -> 0 | F38: Não verificado | G38: Não verificado | H38: Não verificado
A39: =DATE(Configurações!$B$3,3,2) -> 46083 | B39: =TEXT(A39,"ddd") -> seg | C39: =Configurações!$A$17 -> CAM 11 | D39: =Configurações!$B$17 -> Câmera 11 | E39: =Configurações!$C$17 -> 0 | F39: Não verificado | G39: Não verificado | H39: Não verificado
A40: =DATE(Configurações!$B$3,3,2) -> 46083 | B40: =TEXT(A40,"ddd") -> seg | C40: =Configurações!$A$18 -> CAM 12 | D40: =Configurações!$B$18 -> Câmera 12 | E40: =Configurações!$C$18 -> 0 | F40: Não verificado | G40: Não verificado | H40: Não verificado
A41: =DATE(Configurações!$B$3,3,2) -> 46083 | B41: =TEXT(A41,"ddd") -> seg | C41: =Configurações!$A$19 -> CAM 13 | D41: =Configurações!$B$19 -> Câmera 13 | E41: =Configurações!$C$19 -> 0 | F41: Não verificado | G41: Não verificado | H41: Não verificado
A42: =DATE(Configurações!$B$3,3,2) -> 46083 | B42: =TEXT(A42,"ddd") -> seg | C42: =Configurações!$A$20 -> CAM 14 | D42: =Configurações!$B$20 -> Reserva/Futura 01 | E42: =Configurações!$C$20 -> 0 | F42: Não verificado | G42: Não verificado | H42: Não verificado
A43: =DATE(Configurações!$B$3,3,2) -> 46083 | B43: =TEXT(A43,"ddd") -> seg | C43: =Configurações!$A$21 -> CAM 15 | D43: =Configurações!$B$21 -> Reserva/Futura 02 | E43: =Configurações!$C$21 -> 0 | F43: Não verificado | G43: Não verificado | H43: Não verificado
A44: =DATE(Configurações!$B$3,3,2) -> 46083 | B44: =TEXT(A44,"ddd") -> seg | C44: =Configurações!$A$22 -> CAM 16 | D44: =Configurações!$B$22 -> Reserva/Futura 03 | E44: =Configurações!$C$22 -> 0 | F44: Não verificado | G44: Não verificado | H44: Não verificado
A45: =DATE(Configurações!$B$3,3,2) -> 46083 | B45: =TEXT(A45,"ddd") -> seg | C45: =Configurações!$A$23 -> CAM 17 | D45: =Configurações!$B$23 -> Reserva/Futura 04 | E45: =Configurações!$C$23 -> 0 | F45: Não verificado | G45: Não verificado | H45: Não verificado
A46: =DATE(Configurações!$B$3,3,2) -> 46083 | B46: =TEXT(A46,"ddd") -> seg | C46: =Configurações!$A$24 -> CAM 18 | D46: =Configurações!$B$24 -> Reserva/Futura 05 | E46: =Configurações!$C$24 -> 0 | F46: Não verificado | G46: Não verificado | H46: Não verificado
A47: =DATE(Configurações!$B$3,3,2) -> 46083 | B47: =TEXT(A47,"ddd") -> seg | C47: =Configurações!$A$25 -> CAM 19 | D47: =Configurações!$B$25 -> Reserva/Futura 06 | E47: =Configurações!$C$25 -> 0 | F47: Não verificado | G47: Não verificado | H47: Não verificado
A48: =DATE(Configurações!$B$3,3,2) -> 46083 | B48: =TEXT(A48,"ddd") -> seg | C48: =Configurações!$A$26 -> CAM 20 | D48: =Configurações!$B$26 -> Reserva/Futura 07 | E48: =Configurações!$C$26 -> 0 | F48: Não verificado | G48: Não verificado | H48: Não verificado
A49: =DATE(Configurações!$B$3,3,2) -> 46083 | B49: =TEXT(A49,"ddd") -> seg | C49: =Configurações!$A$27 -> CAM 21 | D49: =Configurações!$B$27 -> Reserva/Futura 08 | E49: =Configurações!$C$27 -> 0 | F49: Não verificado | G49: Não verificado | H49: Não verificado
A50: =DATE(Configurações!$B$3,3,2) -> 46083 | B50: =TEXT(A50,"ddd") -> seg | C50: =Configurações!$A$28 -> CAM 22 | D50: =Configurações!$B$28 -> Reserva/Futura 09 | E50: =Configurações!$C$28 -> 0 | F50: Não verificado | G50: Não verificado | H50: Não verificado
A51: =DATE(Configurações!$B$3,3,2) -> 46083 | B51: =TEXT(A51,"ddd") -> seg | C51: =Configurações!$A$29 -> CAM 23 | D51: =Configurações!$B$29 -> Reserva/Futura 10 | E51: =Configurações!$C$29 -> 0 | F51: Não verificado | G51: Não verificado | H51: Não verificado
A52: =DATE(Configurações!$B$3,3,3) -> 46084 | B52: =TEXT(A52,"ddd") -> ter | C52: =Configurações!$A$7 -> CAM 01 | D52: =Configurações!$B$7 -> BARU ANDES | E52: =Configurações!$C$7 -> 0 | F52: Não verificado | G52: Não verificado | H52: Não verificado
A53: =DATE(Configurações!$B$3,3,3) -> 46084 | B53: =TEXT(A53,"ddd") -> ter | C53: =Configurações!$A$8 -> CAM 02 | D53: =Configurações!$B$8 -> Câmera 02 | E53: =Configurações!$C$8 -> 0 | F53: Não verificado | G53: Não verificado | H53: Não verificado
A54: =DATE(Configurações!$B$3,3,3) -> 46084 | B54: =TEXT(A54,"ddd") -> ter | C54: =Configurações!$A$9 -> CAM 03 | D54: =Configurações!$B$9 -> Câmera 03 | E54: =Configurações!$C$9 -> 0 | F54: Não verificado | G54: Não verificado | H54: Não verificado
A55: =DATE(Configurações!$B$3,3,3) -> 46084 | B55: =TEXT(A55,"ddd") -> ter | C55: =Configurações!$A$10 -> CAM 04 | D55: =Configurações!$B$10 -> Câmera 04 | E55: =Configurações!$C$10 -> 0 | F55: Não verificado | G55: Não verificado | H55: Não verificado
A56: =DATE(Configurações!$B$3,3,3) -> 46084 | B56: =TEXT(A56,"ddd") -> ter | C56: =Configurações!$A$11 -> CAM 05 | D56: =Configurações!$B$11 -> Câmera 05 | E56: =Configurações!$C$11 -> 0 | F56: Não verificado | G56: Não verificado | H56: Não verificado
A57: =DATE(Configurações!$B$3,3,3) -> 46084 | B57: =TEXT(A57,"ddd") -> ter | C57: =Configurações!$A$12 -> CAM 06 | D57: =Configurações!$B$12 -> Câmera 06 | E57: =Configurações!$C$12 -> 0 | F57: Não verificado | G57: Não verificado | H57: Não verificado
A58: =DATE(Configurações!$B$3,3,3) -> 46084 | B58: =TEXT(A58,"ddd") -> ter | C58: =Configurações!$A$13 -> CAM 07 | D58: =Configurações!$B$13 -> Câmera 07 | E58: =Configurações!$C$13 -> 0 | F58: Não verificado | G58: Não verificado | H58: Não verificado
A59: =DATE(Configurações!$B$3,3,3) -> 46084 | B59: =TEXT(A59,"ddd") -> ter | C59: =Configurações!$A$14 -> CAM 08 | D59: =Configurações!$B$14 -> Câmera 08 | E59: =Configurações!$C$14 -> 0 | F59: Não verificado | G59: Não verificado | H59: Não verificado
A60: =DATE(Configurações!$B$3,3,3) -> 46084 | B60: =TEXT(A60,"ddd") -> ter | C60: =Configurações!$A$15 -> CAM 09 | D60: =Configurações!$B$15 -> Câmera 09 | E60: =Configurações!$C$15 -> 0 | F60: Não verificado | G60: Não verificado | H60: Não verificado
A61: =DATE(Configurações!$B$3,3,3) -> 46084 | B61: =TEXT(A61,"ddd") -> ter | C61: =Configurações!$A$16 -> CAM 10 | D61: =Configurações!$B$16 -> Câmera 10 | E61: =Configurações!$C$16 -> 0 | F61: Não verificado | G61: Não verificado | H61: Não verificado
A62: =DATE(Configurações!$B$3,3,3) -> 46084 | B62: =TEXT(A62,"ddd") -> ter | C62: =Configurações!$A$17 -> CAM 11 | D62: =Configurações!$B$17 -> Câmera 11 | E62: =Configurações!$C$17 -> 0 | F62: Não verificado | G62: Não verificado | H62: Não verificado
A63: =DATE(Configurações!$B$3,3,3) -> 46084 | B63: =TEXT(A63,"ddd") -> ter | C63: =Configurações!$A$18 -> CAM 12 | D63: =Configurações!$B$18 -> Câmera 12 | E63: =Configurações!$C$18 -> 0 | F63: Não verificado | G63: Não verificado | H63: Não verificado
A64: =DATE(Configurações!$B$3,3,3) -> 46084 | B64: =TEXT(A64,"ddd") -> ter | C64: =Configurações!$A$19 -> CAM 13 | D64: =Configurações!$B$19 -> Câmera 13 | E64: =Configurações!$C$19 -> 0 | F64: Não verificado | G64: Não verificado | H64: Não verificado
A65: =DATE(Configurações!$B$3,3,3) -> 46084 | B65: =TEXT(A65,"ddd") -> ter | C65: =Configurações!$A$20 -> CAM 14 | D65: =Configurações!$B$20 -> Reserva/Futura 01 | E65: =Configurações!$C$20 -> 0 | F65: Não verificado | G65: Não verificado | H65: Não verificado
A66: =DATE(Configurações!$B$3,3,3) -> 46084 | B66: =TEXT(A66,"ddd") -> ter | C66: =Configurações!$A$21 -> CAM 15 | D66: =Configurações!$B$21 -> Reserva/Futura 02 | E66: =Configurações!$C$21 -> 0 | F66: Não verificado | G66: Não verificado | H66: Não verificado
A67: =DATE(Configurações!$B$3,3,3) -> 46084 | B67: =TEXT(A67,"ddd") -> ter | C67: =Configurações!$A$22 -> CAM 16 | D67: =Configurações!$B$22 -> Reserva/Futura 03 | E67: =Configurações!$C$22 -> 0 | F67: Não verificado | G67: Não verificado | H67: Não verificado
A68: =DATE(Configurações!$B$3,3,3) -> 46084 | B68: =TEXT(A68,"ddd") -> ter | C68: =Configurações!$A$23 -> CAM 17 | D68: =Configurações!$B$23 -> Reserva/Futura 04 | E68: =Configurações!$C$23 -> 0 | F68: Não verificado | G68: Não verificado | H68: Não verificado
A69: =DATE(Configurações!$B$3,3,3) -> 46084 | B69: =TEXT(A69,"ddd") -> ter | C69: =Configurações!$A$24 -> CAM 18 | D69: =Configurações!$B$24 -> Reserva/Futura 05 | E69: =Configurações!$C$24 -> 0 | F69: Não verificado | G69: Não verificado | H69: Não verificado
A70: =DATE(Configurações!$B$3,3,3) -> 46084 | B70: =TEXT(A70,"ddd") -> ter | C70: =Configurações!$A$25 -> CAM 19 | D70: =Configurações!$B$25 -> Reserva/Futura 06 | E70: =Configurações!$C$25 -> 0 | F70: Não verificado | G70: Não verificado | H70: Não verificado
A71: =DATE(Configurações!$B$3,3,3) -> 46084 | B71: =TEXT(A71,"ddd") -> ter | C71: =Configurações!$A$26 -> CAM 20 | D71: =Configurações!$B$26 -> Reserva/Futura 07 | E71: =Configurações!$C$26 -> 0 | F71: Não verificado | G71: Não verificado | H71: Não verificado
A72: =DATE(Configurações!$B$3,3,3) -> 46084 | B72: =TEXT(A72,"ddd") -> ter | C72: =Configurações!$A$27 -> CAM 21 | D72: =Configurações!$B$27 -> Reserva/Futura 08 | E72: =Configurações!$C$27 -> 0 | F72: Não verificado | G72: Não verificado | H72: Não verificado
A73: =DATE(Configurações!$B$3,3,3) -> 46084 | B73: =TEXT(A73,"ddd") -> ter | C73: =Configurações!$A$28 -> CAM 22 | D73: =Configurações!$B$28 -> Reserva/Futura 09 | E73: =Configurações!$C$28 -> 0 | F73: Não verificado | G73: Não verificado | H73: Não verificado
A74: =DATE(Configurações!$B$3,3,3) -> 46084 | B74: =TEXT(A74,"ddd") -> ter | C74: =Configurações!$A$29 -> CAM 23 | D74: =Configurações!$B$29 -> Reserva/Futura 10 | E74: =Configurações!$C$29 -> 0 | F74: Não verificado | G74: Não verificado | H74: Não verificado
A75: =DATE(Configurações!$B$3,3,4) -> 46085 | B75: =TEXT(A75,"ddd") -> qua | C75: =Configurações!$A$7 -> CAM 01 | D75: =Configurações!$B$7 -> BARU ANDES | E75: =Configurações!$C$7 -> 0 | F75: Não verificado | G75: Não verificado | H75: Não verificado
A76: =DATE(Configurações!$B$3,3,4) -> 46085 | B76: =TEXT(A76,"ddd") -> qua | C76: =Configurações!$A$8 -> CAM 02 | D76: =Configurações!$B$8 -> Câmera 02 | E76: =Configurações!$C$8 -> 0 | F76: Não verificado | G76: Não verificado | H76: Não verificado
A77: =DATE(Configurações!$B$3,3,4) -> 46085 | B77: =TEXT(A77,"ddd") -> qua | C77: =Configurações!$A$9 -> CAM 03 | D77: =Configurações!$B$9 -> Câmera 03 | E77: =Configurações!$C$9 -> 0 | F77: Não verificado | G77: Não verificado | H77: Não verificado
A78: =DATE(Configurações!$B$3,3,4) -> 46085 | B78: =TEXT(A78,"ddd") -> qua | C78: =Configurações!$A$10 -> CAM 04 | D78: =Configurações!$B$10 -> Câmera 04 | E78: =Configurações!$C$10 -> 0 | F78: Não verificado | G78: Não verificado | H78: Não verificado
A79: =DATE(Configurações!$B$3,3,4) -> 46085 | B79: =TEXT(A79,"ddd") -> qua | C79: =Configurações!$A$11 -> CAM 05 | D79: =Configurações!$B$11 -> Câmera 05 | E79: =Configurações!$C$11 -> 0 | F79: Não verificado | G79: Não verificado | H79: Não verificado
A80: =DATE(Configurações!$B$3,3,4) -> 46085 | B80: =TEXT(A80,"ddd") -> qua | C80: =Configurações!$A$12 -> CAM 06 | D80: =Configurações!$B$12 -> Câmera 06 | E80: =Configurações!$C$12 -> 0 | F80: Não verificado | G80: Não verificado | H80: Não verificado
A81: =DATE(Configurações!$B$3,3,4) -> 46085 | B81: =TEXT(A81,"ddd") -> qua | C81: =Configurações!$A$13 -> CAM 07 | D81: =Configurações!$B$13 -> Câmera 07 | E81: =Configurações!$C$13 -> 0 | F81: Não verificado | G81: Não verificado | H81: Não verificado
A82: =DATE(Configurações!$B$3,3,4) -> 46085 | B82: =TEXT(A82,"ddd") -> qua | C82: =Configurações!$A$14 -> CAM 08 | D82: =Configurações!$B$14 -> Câmera 08 | E82: =Configurações!$C$14 -> 0 | F82: Não verificado | G82: Não verificado | H82: Não verificado
A83: =DATE(Configurações!$B$3,3,4) -> 46085 | B83: =TEXT(A83,"ddd") -> qua | C83: =Configurações!$A$15 -> CAM 09 | D83: =Configurações!$B$15 -> Câmera 09 | E83: =Configurações!$C$15 -> 0 | F83: Não verificado | G83: Não verificado | H83: Não verificado
A84: =DATE(Configurações!$B$3,3,4) -> 46085 | B84: =TEXT(A84,"ddd") -> qua | C84: =Configurações!$A$16 -> CAM 10 | D84: =Configurações!$B$16 -> Câmera 10 | E84: =Configurações!$C$16 -> 0 | F84: Não verificado | G84: Não verificado | H84: Não verificado
A85: =DATE(Configurações!$B$3,3,4) -> 46085 | B85: =TEXT(A85,"ddd") -> qua | C85: =Configurações!$A$17 -> CAM 11 | D85: =Configurações!$B$17 -> Câmera 11 | E85: =Configurações!$C$17 -> 0 | F85: Não verificado | G85: Não verificado | H85: Não verificado
A86: =DATE(Configurações!$B$3,3,4) -> 46085 | B86: =TEXT(A86,"ddd") -> qua | C86: =Configurações!$A$18 -> CAM 12 | D86: =Configurações!$B$18 -> Câmera 12 | E86: =Configurações!$C$18 -> 0 | F86: Não verificado | G86: Não verificado | H86: Não verificado
A87: =DATE(Configurações!$B$3,3,4) -> 46085 | B87: =TEXT(A87,"ddd") -> qua | C87: =Configurações!$A$19 -> CAM 13 | D87: =Configurações!$B$19 -> Câmera 13 | E87: =Configurações!$C$19 -> 0 | F87: Não verificado | G87: Não verificado | H87: Não verificado
A88: =DATE(Configurações!$B$3,3,4) -> 46085 | B88: =TEXT(A88,"ddd") -> qua | C88: =Configurações!$A$20 -> CAM 14 | D88: =Configurações!$B$20 -> Reserva/Futura 01 | E88: =Configurações!$C$20 -> 0 | F88: Não verificado | G88: Não verificado | H88: Não verificado
A89: =DATE(Configurações!$B$3,3,4) -> 46085 | B89: =TEXT(A89,"ddd") -> qua | C89: =Configurações!$A$21 -> CAM 15 | D89: =Configurações!$B$21 -> Reserva/Futura 02 | E89: =Configurações!$C$21 -> 0 | F89: Não verificado | G89: Não verificado | H89: Não verificado
A90: =DATE(Configurações!$B$3,3,4) -> 46085 | B90: =TEXT(A90,"ddd") -> qua | C90: =Configurações!$A$22 -> CAM 16 | D90: =Configurações!$B$22 -> Reserva/Futura 03 | E90: =Configurações!$C$22 -> 0 | F90: Não verificado | G90: Não verificado | H90: Não verificado
A91: =DATE(Configurações!$B$3,3,4) -> 46085 | B91: =TEXT(A91,"ddd") -> qua | C91: =Configurações!$A$23 -> CAM 17 | D91: =Configurações!$B$23 -> Reserva/Futura 04 | E91: =Configurações!$C$23 -> 0 | F91: Não verificado | G91: Não verificado | H91: Não verificado
A92: =DATE(Configurações!$B$3,3,4) -> 46085 | B92: =TEXT(A92,"ddd") -> qua | C92: =Configurações!$A$24 -> CAM 18 | D92: =Configurações!$B$24 -> Reserva/Futura 05 | E92: =Configurações!$C$24 -> 0 | F92: Não verificado | G92: Não verificado | H92: Não verificado
A93: =DATE(Configurações!$B$3,3,4) -> 46085 | B93: =TEXT(A93,"ddd") -> qua | C93: =Configurações!$A$25 -> CAM 19 | D93: =Configurações!$B$25 -> Reserva/Futura 06 | E93: =Configurações!$C$25 -> 0 | F93: Não verificado | G93: Não verificado | H93: Não verificado
A94: =DATE(Configurações!$B$3,3,4) -> 46085 | B94: =TEXT(A94,"ddd") -> qua | C94: =Configurações!$A$26 -> CAM 20 | D94: =Configurações!$B$26 -> Reserva/Futura 07 | E94: =Configurações!$C$26 -> 0 | F94: Não verificado | G94: Não verificado | H94: Não verificado
A95: =DATE(Configurações!$B$3,3,4) -> 46085 | B95: =TEXT(A95,"ddd") -> qua | C95: =Configurações!$A$27 -> CAM 21 | D95: =Configurações!$B$27 -> Reserva/Futura 08 | E95: =Configurações!$C$27 -> 0 | F95: Não verificado | G95: Não verificado | H95: Não verificado
A96: =DATE(Configurações!$B$3,3,4) -> 46085 | B96: =TEXT(A96,"ddd") -> qua | C96: =Configurações!$A$28 -> CAM 22 | D96: =Configurações!$B$28 -> Reserva/Futura 09 | E96: =Configurações!$C$28 -> 0 | F96: Não verificado | G96: Não verificado | H96: Não verificado
A97: =DATE(Configurações!$B$3,3,4) -> 46085 | B97: =TEXT(A97,"ddd") -> qua | C97: =Configurações!$A$29 -> CAM 23 | D97: =Configurações!$B$29 -> Reserva/Futura 10 | E97: =Configurações!$C$29 -> 0 | F97: Não verificado | G97: Não verificado | H97: Não verificado
A98: =DATE(Configurações!$B$3,3,5) -> 46086 | B98: =TEXT(A98,"ddd") -> qui | C98: =Configurações!$A$7 -> CAM 01 | D98: =Configurações!$B$7 -> BARU ANDES | E98: =Configurações!$C$7 -> 0 | F98: Não verificado | G98: Não verificado | H98: Não verificado
A99: =DATE(Configurações!$B$3,3,5) -> 46086 | B99: =TEXT(A99,"ddd") -> qui | C99: =Configurações!$A$8 -> CAM 02 | D99: =Configurações!$B$8 -> Câmera 02 | E99: =Configurações!$C$8 -> 0 | F99: Não verificado | G99: Não verificado | H99: Não verificado
A100: =DATE(Configurações!$B$3,3,5) -> 46086 | B100: =TEXT(A100,"ddd") -> qui | C100: =Configurações!$A$9 -> CAM 03 | D100: =Configurações!$B$9 -> Câmera 03 | E100: =Configurações!$C$9 -> 0 | F100: Não verificado | G100: Não verificado | H100: Não verificado
A101: =DATE(Configurações!$B$3,3,5) -> 46086 | B101: =TEXT(A101,"ddd") -> qui | C101: =Configurações!$A$10 -> CAM 04 | D101: =Configurações!$B$10 -> Câmera 04 | E101: =Configurações!$C$10 -> 0 | F101: Não verificado | G101: Não verificado | H101: Não verificado
...

Sheet Abril
A1: CONTROLE DE MONITORAMENTO DE CÂMERAS - ABRIL
A2: Status por horário: Online / Offline / Manutenção / Não verificado. Campo livre para evento técnico e comportamento do colaborador.
M4: RESUMO DO MÊS
A5: Data | B5: Dia | C5: ID | D5: Nome da Câmera | E5: Embarcação/Local | F5: 10:00 | G5: 13:00 | H5: 16:00 | I5: Evento Técnico Online/Offline | J5: Comportamento do Colaborador | K5: Responsável | M5: Indicador | N5: Total | O5: % | P5: Meta | Q5: Observação
A6: =DATE(Configurações!$B$3,4,1) -> 46113 | B6: =TEXT(A6,"ddd") -> qua | C6: =Configurações!$A$7 -> CAM 01 | D6: =Configurações!$B$7 -> BARU ANDES | E6: =Configurações!$C$7 -> 0 | F6: Não verificado | G6: Não verificado | H6: Não verificado | M6: Online | N6: =COUNTIF(F6:H718,"Online") -> 0 | O6: =IFERROR(N6/(N6+N7+N8),0) -> 0 | P6: >=95%
A7: =DATE(Configurações!$B$3,4,1) -> 46113 | B7: =TEXT(A7,"ddd") -> qua | C7: =Configurações!$A$8 -> CAM 02 | D7: =Configurações!$B$8 -> Câmera 02 | E7: =Configurações!$C$8 -> 0 | F7: Não verificado | G7: Não verificado | H7: Não verificado | M7: Offline | N7: =COUNTIF(F6:H718,"Offline") -> 0 | O7: =IFERROR(N7/(N6+N7+N8),0) -> 0 | P7: <=5%
A8: =DATE(Configurações!$B$3,4,1) -> 46113 | B8: =TEXT(A8,"ddd") -> qua | C8: =Configurações!$A$9 -> CAM 03 | D8: =Configurações!$B$9 -> Câmera 03 | E8: =Configurações!$C$9 -> 0 | F8: Não verificado | G8: Não verificado | H8: Não verificado | M8: Manutenção | N8: =COUNTIF(F6:H718,"Manutenção") -> 0 | O8: =IFERROR(N8/(N6+N7+N8),0) -> 0
A9: =DATE(Configurações!$B$3,4,1) -> 46113 | B9: =TEXT(A9,"ddd") -> qua | C9: =Configurações!$A$10 -> CAM 04 | D9: =Configurações!$B$10 -> Câmera 04 | E9: =Configurações!$C$10 -> 0 | F9: Não verificado | G9: Não verificado | H9: Não verificado | M9: Não verificado | N9: =COUNTIF(F6:H718,"Não verificado") -> 2139 | O9: =IFERROR(N9/(N6+N7+N8+N9),0) -> 1 | P9: zerar no fechamento
A10: =DATE(Configurações!$B$3,4,1) -> 46113 | B10: =TEXT(A10,"ddd") -> qua | C10: =Configurações!$A$11 -> CAM 05 | D10: =Configurações!$B$11 -> Câmera 05 | E10: =Configurações!$C$11 -> 0 | F10: Não verificado | G10: Não verificado | H10: Não verificado | M10: Eventos registrados | N10: =COUNTA(I6:J718) -> 0
A11: =DATE(Configurações!$B$3,4,1) -> 46113 | B11: =TEXT(A11,"ddd") -> qua | C11: =Configurações!$A$12 -> CAM 06 | D11: =Configurações!$B$12 -> Câmera 06 | E11: =Configurações!$C$12 -> 0 | F11: Não verificado | G11: Não verificado | H11: Não verificado
A12: =DATE(Configurações!$B$3,4,1) -> 46113 | B12: =TEXT(A12,"ddd") -> qua | C12: =Configurações!$A$13 -> CAM 07 | D12: =Configurações!$B$13 -> Câmera 07 | E12: =Configurações!$C$13 -> 0 | F12: Não verificado | G12: Não verificado | H12: Não verificado
A13: =DATE(Configurações!$B$3,4,1) -> 46113 | B13: =TEXT(A13,"ddd") -> qua | C13: =Configurações!$A$14 -> CAM 08 | D13: =Configurações!$B$14 -> Câmera 08 | E13: =Configurações!$C$14 -> 0 | F13: Não verificado | G13: Não verificado | H13: Não verificado
A14: =DATE(Configurações!$B$3,4,1) -> 46113 | B14: =TEXT(A14,"ddd") -> qua | C14: =Configurações!$A$15 -> CAM 09 | D14: =Configurações!$B$15 -> Câmera 09 | E14: =Configurações!$C$15 -> 0 | F14: Não verificado | G14: Não verificado | H14: Não verificado
A15: =DATE(Configurações!$B$3,4,1) -> 46113 | B15: =TEXT(A15,"ddd") -> qua | C15: =Configurações!$A$16 -> CAM 10 | D15: =Configurações!$B$16 -> Câmera 10 | E15: =Configurações!$C$16 -> 0 | F15: Não verificado | G15: Não verificado | H15: Não verificado
A16: =DATE(Configurações!$B$3,4,1) -> 46113 | B16: =TEXT(A16,"ddd") -> qua | C16: =Configurações!$A$17 -> CAM 11 | D16: =Configurações!$B$17 -> Câmera 11 | E16: =Configurações!$C$17 -> 0 | F16: Não verificado | G16: Não verificado | H16: Não verificado
A17: =DATE(Configurações!$B$3,4,1) -> 46113 | B17: =TEXT(A17,"ddd") -> qua | C17: =Configurações!$A$18 -> CAM 12 | D17: =Configurações!$B$18 -> Câmera 12 | E17: =Configurações!$C$18 -> 0 | F17: Não verificado | G17: Não verificado | H17: Não verificado
A18: =DATE(Configurações!$B$3,4,1) -> 46113 | B18: =TEXT(A18,"ddd") -> qua | C18: =Configurações!$A$19 -> CAM 13 | D18: =Configurações!$B$19 -> Câmera 13 | E18: =Configurações!$C$19 -> 0 | F18: Não verificado | G18: Não verificado | H18: Não verificado
A19: =DATE(Configurações!$B$3,4,1) -> 46113 | B19: =TEXT(A19,"ddd") -> qua | C19: =Configurações!$A$20 -> CAM 14 | D19: =Configurações!$B$20 -> Reserva/Futura 01 | E19: =Configurações!$C$20 -> 0 | F19: Não verificado | G19: Não verificado | H19: Não verificado
A20: =DATE(Configurações!$B$3,4,1) -> 46113 | B20: =TEXT(A20,"ddd") -> qua | C20: =Configurações!$A$21 -> CAM 15 | D20: =Configurações!$B$21 -> Reserva/Futura 02 | E20: =Configurações!$C$21 -> 0 | F20: Não verificado | G20: Não verificado | H20: Não verificado
A21: =DATE(Configurações!$B$3,4,1) -> 46113 | B21: =TEXT(A21,"ddd") -> qua | C21: =Configurações!$A$22 -> CAM 16 | D21: =Configurações!$B$22 -> Reserva/Futura 03 | E21: =Configurações!$C$22 -> 0 | F21: Não verificado | G21: Não verificado | H21: Não verificado
A22: =DATE(Configurações!$B$3,4,1) -> 46113 | B22: =TEXT(A22,"ddd") -> qua | C22: =Configurações!$A$23 -> CAM 17 | D22: =Configurações!$B$23 -> Reserva/Futura 04 | E22: =Configurações!$C$23 -> 0 | F22: Não verificado | G22: Não verificado | H22: Não verificado
A23: =DATE(Configurações!$B$3,4,1) -> 46113 | B23: =TEXT(A23,"ddd") -> qua | C23: =Configurações!$A$24 -> CAM 18 | D23: =Configurações!$B$24 -> Reserva/Futura 05 | E23: =Configurações!$C$24 -> 0 | F23: Não verificado | G23: Não verificado | H23: Não verificado
A24: =DATE(Configurações!$B$3,4,1) -> 46113 | B24: =TEXT(A24,"ddd") -> qua | C24: =Configurações!$A$25 -> CAM 19 | D24: =Configurações!$B$25 -> Reserva/Futura 06 | E24: =Configurações!$C$25 -> 0 | F24: Não verificado | G24: Não verificado | H24: Não verificado
A25: =DATE(Configurações!$B$3,4,1) -> 46113 | B25: =TEXT(A25,"ddd") -> qua | C25: =Configurações!$A$26 -> CAM 20 | D25: =Configurações!$B$26 -> Reserva/Futura 07 | E25: =Configurações!$C$26 -> 0 | F25: Não verificado | G25: Não verificado | H25: Não verificado
A26: =DATE(Configurações!$B$3,4,1) -> 46113 | B26: =TEXT(A26,"ddd") -> qua | C26: =Configurações!$A$27 -> CAM 21 | D26: =Configurações!$B$27 -> Reserva/Futura 08 | E26: =Configurações!$C$27 -> 0 | F26: Não verificado | G26: Não verificado | H26: Não verificado
A27: =DATE(Configurações!$B$3,4,1) -> 46113 | B27: =TEXT(A27,"ddd") -> qua | C27: =Configurações!$A$28 -> CAM 22 | D27: =Configurações!$B$28 -> Reserva/Futura 09 | E27: =Configurações!$C$28 -> 0 | F27: Não verificado | G27: Não verificado | H27: Não verificado
A28: =DATE(Configurações!$B$3,4,1) -> 46113 | B28: =TEXT(A28,"ddd") -> qua | C28: =Configurações!$A$29 -> CAM 23 | D28: =Configurações!$B$29 -> Reserva/Futura 10 | E28: =Configurações!$C$29 -> 0 | F28: Não verificado | G28: Não verificado | H28: Não verificado
A29: =DATE(Configurações!$B$3,4,2) -> 46114 | B29: =TEXT(A29,"ddd") -> qui | C29: =Configurações!$A$7 -> CAM 01 | D29: =Configurações!$B$7 -> BARU ANDES | E29: =Configurações!$C$7 -> 0 | F29: Não verificado | G29: Não verificado | H29: Não verificado
A30: =DATE(Configurações!$B$3,4,2) -> 46114 | B30: =TEXT(A30,"ddd") -> qui | C30: =Configurações!$A$8 -> CAM 02 | D30: =Configurações!$B$8 -> Câmera 02 | E30: =Configurações!$C$8 -> 0 | F30: Não verificado | G30: Não verificado | H30: Não verificado
A31: =DATE(Configurações!$B$3,4,2) -> 46114 | B31: =TEXT(A31,"ddd") -> qui | C31: =Configurações!$A$9 -> CAM 03 | D31: =Configurações!$B$9 -> Câmera 03 | E31: =Configurações!$C$9 -> 0 | F31: Não verificado | G31: Não verificado | H31: Não verificado
A32: =DATE(Configurações!$B$3,4,2) -> 46114 | B32: =TEXT(A32,"ddd") -> qui | C32: =Configurações!$A$10 -> CAM 04 | D32: =Configurações!$B$10 -> Câmera 04 | E32: =Configurações!$C$10 -> 0 | F32: Não verificado | G32: Não verificado | H32: Não verificado
A33: =DATE(Configurações!$B$3,4,2) -> 46114 | B33: =TEXT(A33,"ddd") -> qui | C33: =Configurações!$A$11 -> CAM 05 | D33: =Configurações!$B$11 -> Câmera 05 | E33: =Configurações!$C$11 -> 0 | F33: Não verificado | G33: Não verificado | H33: Não verificado
A34: =DATE(Configurações!$B$3,4,2) -> 46114 | B34: =TEXT(A34,"ddd") -> qui | C34: =Configurações!$A$12 -> CAM 06 | D34: =Configurações!$B$12 -> Câmera 06 | E34: =Configurações!$C$12 -> 0 | F34: Não verificado | G34: Não verificado | H34: Não verificado
A35: =DATE(Configurações!$B$3,4,2) -> 46114 | B35: =TEXT(A35,"ddd") -> qui | C35: =Configurações!$A$13 -> CAM 07 | D35: =Configurações!$B$13 -> Câmera 07 | E35: =Configurações!$C$13 -> 0 | F35: Não verificado | G35: Não verificado | H35: Não verificado
A36: =DATE(Configurações!$B$3,4,2) -> 46114 | B36: =TEXT(A36,"ddd") -> qui | C36: =Configurações!$A$14 -> CAM 08 | D36: =Configurações!$B$14 -> Câmera 08 | E36: =Configurações!$C$14 -> 0 | F36: Não verificado | G36: Não verificado | H36: Não verificado
A37: =DATE(Configurações!$B$3,4,2) -> 46114 | B37: =TEXT(A37,"ddd") -> qui | C37: =Configurações!$A$15 -> CAM 09 | D37: =Configurações!$B$15 -> Câmera 09 | E37: =Configurações!$C$15 -> 0 | F37: Não verificado | G37: Não verificado | H37: Não verificado
A38: =DATE(Configurações!$B$3,4,2) -> 46114 | B38: =TEXT(A38,"ddd") -> qui | C38: =Configurações!$A$16 -> CAM 10 | D38: =Configurações!$B$16 -> Câmera 10 | E38: =Configurações!$C$16 -> 0 | F38: Não verificado | G38: Não verificado | H38: Não verificado
A39: =DATE(Configurações!$B$3,4,2) -> 46114 | B39: =TEXT(A39,"ddd") -> qui | C39: =Configurações!$A$17 -> CAM 11 | D39: =Configurações!$B$17 -> Câmera 11 | E39: =Configurações!$C$17 -> 0 | F39: Não verificado | G39: Não verificado | H39: Não verificado
A40: =DATE(Configurações!$B$3,4,2) -> 46114 | B40: =TEXT(A40,"ddd") -> qui | C40: =Configurações!$A$18 -> CAM 12 | D40: =Configurações!$B$18 -> Câmera 12 | E40: =Configurações!$C$18 -> 0 | F40: Não verificado | G40: Não verificado | H40: Não verificado
A41: =DATE(Configurações!$B$3,4,2) -> 46114 | B41: =TEXT(A41,"ddd") -> qui | C41: =Configurações!$A$19 -> CAM 13 | D41: =Configurações!$B$19 -> Câmera 13 | E41: =Configurações!$C$19 -> 0 | F41: Não verificado | G41: Não verificado | H41: Não verificado
A42: =DATE(Configurações!$B$3,4,2) -> 46114 | B42: =TEXT(A42,"ddd") -> qui | C42: =Configurações!$A$20 -> CAM 14 | D42: =Configurações!$B$20 -> Reserva/Futura 01 | E42: =Configurações!$C$20 -> 0 | F42: Não verificado | G42: Não verificado | H42: Não verificado
A43: =DATE(Configurações!$B$3,4,2) -> 46114 | B43: =TEXT(A43,"ddd") -> qui | C43: =Configurações!$A$21 -> CAM 15 | D43: =Configurações!$B$21 -> Reserva/Futura 02 | E43: =Configurações!$C$21 -> 0 | F43: Não verificado | G43: Não verificado | H43: Não verificado
A44: =DATE(Configurações!$B$3,4,2) -> 46114 | B44: =TEXT(A44,"ddd") -> qui | C44: =Configurações!$A$22 -> CAM 16 | D44: =Configurações!$B$22 -> Reserva/Futura 03 | E44: =Configurações!$C$22 -> 0 | F44: Não verificado | G44: Não verificado | H44: Não verificado
A45: =DATE(Configurações!$B$3,4,2) -> 46114 | B45: =TEXT(A45,"ddd") -> qui | C45: =Configurações!$A$23 -> CAM 17 | D45: =Configurações!$B$23 -> Reserva/Futura 04 | E45: =Configurações!$C$23 -> 0 | F45: Não verificado | G45: Não verificado | H45: Não verificado
A46: =DATE(Configurações!$B$3,4,2) -> 46114 | B46: =TEXT(A46,"ddd") -> qui | C46: =Configurações!$A$24 -> CAM 18 | D46: =Configurações!$B$24 -> Reserva/Futura 05 | E46: =Configurações!$C$24 -> 0 | F46: Não verificado | G46: Não verificado | H46: Não verificado
A47: =DATE(Configurações!$B$3,4,2) -> 46114 | B47: =TEXT(A47,"ddd") -> qui | C47: =Configurações!$A$25 -> CAM 19 | D47: =Configurações!$B$25 -> Reserva/Futura 06 | E47: =Configurações!$C$25 -> 0 | F47: Não verificado | G47: Não verificado | H47: Não verificado
A48: =DATE(Configurações!$B$3,4,2) -> 46114 | B48: =TEXT(A48,"ddd") -> qui | C48: =Configurações!$A$26 -> CAM 20 | D48: =Configurações!$B$26 -> Reserva/Futura 07 | E48: =Configurações!$C$26 -> 0 | F48: Não verificado | G48: Não verificado | H48: Não verificado
A49: =DATE(Configurações!$B$3,4,2) -> 46114 | B49: =TEXT(A49,"ddd") -> qui | C49: =Configurações!$A$27 -> CAM 21 | D49: =Configurações!$B$27 -> Reserva/Futura 08 | E49: =Configurações!$C$27 -> 0 | F49: Não verificado | G49: Não verificado | H49: Não verificado
A50: =DATE(Configurações!$B$3,4,2) -> 46114 | B50: =TEXT(A50,"ddd") -> qui | C50: =Configurações!$A$28 -> CAM 22 | D50: =Configurações!$B$28 -> Reserva/Futura 09 | E50: =Configurações!$C$28 -> 0 | F50: Não verificado | G50: Não verificado | H50: Não verificado
A51: =DATE(Configurações!$B$3,4,2) -> 46114 | B51: =TEXT(A51,"ddd") -> qui | C51: =Configurações!$A$29 -> CAM 23 | D51: =Configurações!$B$29 -> Reserva/Futura 10 | E51: =Configurações!$C$29 -> 0 | F51: Não verificado | G51: Não verificado | H51: Não verificado
A52: =DATE(Configurações!$B$3,4,3) -> 46115 | B52: =TEXT(A52,"ddd") -> sex | C52: =Configurações!$A$7 -> CAM 01 | D52: =Configurações!$B$7 -> BARU ANDES | E52: =Configurações!$C$7 -> 0 | F52: Não verificado | G52: Não verificado | H52: Não verificado
A53: =DATE(Configurações!$B$3,4,3) -> 46115 | B53: =TEXT(A53,"ddd") -> sex | C53: =Configurações!$A$8 -> CAM 02 | D53: =Configurações!$B$8 -> Câmera 02 | E53: =Configurações!$C$8 -> 0 | F53: Não verificado | G53: Não verificado | H53: Não verificado
A54: =DATE(Configurações!$B$3,4,3) -> 46115 | B54: =TEXT(A54,"ddd") -> sex | C54: =Configurações!$A$9 -> CAM 03 | D54: =Configurações!$B$9 -> Câmera 03 | E54: =Configurações!$C$9 -> 0 | F54: Não verificado | G54: Não verificado | H54: Não verificado
A55: =DATE(Configurações!$B$3,4,3) -> 46115 | B55: =TEXT(A55,"ddd") -> sex | C55: =Configurações!$A$10 -> CAM 04 | D55: =Configurações!$B$10 -> Câmera 04 | E55: =Configurações!$C$10 -> 0 | F55: Não verificado | G55: Não verificado | H55: Não verificado
A56: =DATE(Configurações!$B$3,4,3) -> 46115 | B56: =TEXT(A56,"ddd") -> sex | C56: =Configurações!$A$11 -> CAM 05 | D56: =Configurações!$B$11 -> Câmera 05 | E56: =Configurações!$C$11 -> 0 | F56: Não verificado | G56: Não verificado | H56: Não verificado
A57: =DATE(Configurações!$B$3,4,3) -> 46115 | B57: =TEXT(A57,"ddd") -> sex | C57: =Configurações!$A$12 -> CAM 06 | D57: =Configurações!$B$12 -> Câmera 06 | E57: =Configurações!$C$12 -> 0 | F57: Não verificado | G57: Não verificado | H57: Não verificado
A58: =DATE(Configurações!$B$3,4,3) -> 46115 | B58: =TEXT(A58,"ddd") -> sex | C58: =Configurações!$A$13 -> CAM 07 | D58: =Configurações!$B$13 -> Câmera 07 | E58: =Configurações!$C$13 -> 0 | F58: Não verificado | G58: Não verificado | H58: Não verificado
A59: =DATE(Configurações!$B$3,4,3) -> 46115 | B59: =TEXT(A59,"ddd") -> sex | C59: =Configurações!$A$14 -> CAM 08 | D59: =Configurações!$B$14 -> Câmera 08 | E59: =Configurações!$C$14 -> 0 | F59: Não verificado | G59: Não verificado | H59: Não verificado
A60: =DATE(Configurações!$B$3,4,3) -> 46115 | B60: =TEXT(A60,"ddd") -> sex | C60: =Configurações!$A$15 -> CAM 09 | D60: =Configurações!$B$15 -> Câmera 09 | E60: =Configurações!$C$15 -> 0 | F60: Não verificado | G60: Não verificado | H60: Não verificado
A61: =DATE(Configurações!$B$3,4,3) -> 46115 | B61: =TEXT(A61,"ddd") -> sex | C61: =Configurações!$A$16 -> CAM 10 | D61: =Configurações!$B$16 -> Câmera 10 | E61: =Configurações!$C$16 -> 0 | F61: Não verificado | G61: Não verificado | H61: Não verificado
A62: =DATE(Configurações!$B$3,4,3) -> 46115 | B62: =TEXT(A62,"ddd") -> sex | C62: =Configurações!$A$17 -> CAM 11 | D62: =Configurações!$B$17 -> Câmera 11 | E62: =Configurações!$C$17 -> 0 | F62: Não verificado | G62: Não verificado | H62: Não verificado
A63: =DATE(Configurações!$B$3,4,3) -> 46115 | B63: =TEXT(A63,"ddd") -> sex | C63: =Configurações!$A$18 -> CAM 12 | D63: =Configurações!$B$18 -> Câmera 12 | E63: =Configurações!$C$18 -> 0 | F63: Não verificado | G63: Não verificado | H63: Não verificado
A64: =DATE(Configurações!$B$3,4,3) -> 46115 | B64: =TEXT(A64,"ddd") -> sex | C64: =Configurações!$A$19 -> CAM 13 | D64: =Configurações!$B$19 -> Câmera 13 | E64: =Configurações!$C$19 -> 0 | F64: Não verificado | G64: Não verificado | H64: Não verificado
A65: =DATE(Configurações!$B$3,4,3) -> 46115 | B65: =TEXT(A65,"ddd") -> sex | C65: =Configurações!$A$20 -> CAM 14 | D65: =Configurações!$B$20 -> Reserva/Futura 01 | E65: =Configurações!$C$20 -> 0 | F65: Não verificado | G65: Não verificado | H65: Não verificado
A66: =DATE(Configurações!$B$3,4,3) -> 46115 | B66: =TEXT(A66,"ddd") -> sex | C66: =Configurações!$A$21 -> CAM 15 | D66: =Configurações!$B$21 -> Reserva/Futura 02 | E66: =Configurações!$C$21 -> 0 | F66: Não verificado | G66: Não verificado | H66: Não verificado
A67: =DATE(Configurações!$B$3,4,3) -> 46115 | B67: =TEXT(A67,"ddd") -> sex | C67: =Configurações!$A$22 -> CAM 16 | D67: =Configurações!$B$22 -> Reserva/Futura 03 | E67: =Configurações!$C$22 -> 0 | F67: Não verificado | G67: Não verificado | H67: Não verificado
A68: =DATE(Configurações!$B$3,4,3) -> 46115 | B68: =TEXT(A68,"ddd") -> sex | C68: =Configurações!$A$23 -> CAM 17 | D68: =Configurações!$B$23 -> Reserva/Futura 04 | E68: =Configurações!$C$23 -> 0 | F68: Não verificado | G68: Não verificado | H68: Não verificado
A69: =DATE(Configurações!$B$3,4,3) -> 46115 | B69: =TEXT(A69,"ddd") -> sex | C69: =Configurações!$A$24 -> CAM 18 | D69: =Configurações!$B$24 -> Reserva/Futura 05 | E69: =Configurações!$C$24 -> 0 | F69: Não verificado | G69: Não verificado | H69: Não verificado
A70: =DATE(Configurações!$B$3,4,3) -> 46115 | B70: =TEXT(A70,"ddd") -> sex | C70: =Configurações!$A$25 -> CAM 19 | D70: =Configurações!$B$25 -> Reserva/Futura 06 | E70: =Configurações!$C$25 -> 0 | F70: Não verificado | G70: Não verificado | H70: Não verificado
A71: =DATE(Configurações!$B$3,4,3) -> 46115 | B71: =TEXT(A71,"ddd") -> sex | C71: =Configurações!$A$26 -> CAM 20 | D71: =Configurações!$B$26 -> Reserva/Futura 07 | E71: =Configurações!$C$26 -> 0 | F71: Não verificado | G71: Não verificado | H71: Não verificado
A72: =DATE(Configurações!$B$3,4,3) -> 46115 | B72: =TEXT(A72,"ddd") -> sex | C72: =Configurações!$A$27 -> CAM 21 | D72: =Configurações!$B$27 -> Reserva/Futura 08 | E72: =Configurações!$C$27 -> 0 | F72: Não verificado | G72: Não verificado | H72: Não verificado
A73: =DATE(Configurações!$B$3,4,3) -> 46115 | B73: =TEXT(A73,"ddd") -> sex | C73: =Configurações!$A$28 -> CAM 22 | D73: =Configurações!$B$28 -> Reserva/Futura 09 | E73: =Configurações!$C$28 -> 0 | F73: Não verificado | G73: Não verificado | H73: Não verificado
A74: =DATE(Configurações!$B$3,4,3) -> 46115 | B74: =TEXT(A74,"ddd") -> sex | C74: =Configurações!$A$29 -> CAM 23 | D74: =Configurações!$B$29 -> Reserva/Futura 10 | E74: =Configurações!$C$29 -> 0 | F74: Não verificado | G74: Não verificado | H74: Não verificado
A75: =DATE(Configurações!$B$3,4,4) -> 46116 | B75: =TEXT(A75,"ddd") -> sáb | C75: =Configurações!$A$7 -> CAM 01 | D75: =Configurações!$B$7 -> BARU ANDES | E75: =Configurações!$C$7 -> 0 | F75: Não verificado | G75: Não verificado | H75: Não verificado
A76: =DATE(Configurações!$B$3,4,4) -> 46116 | B76: =TEXT(A76,"ddd") -> sáb | C76: =Configurações!$A$8 -> CAM 02 | D76: =Configurações!$B$8 -> Câmera 02 | E76: =Configurações!$C$8 -> 0 | F76: Não verificado | G76: Não verificado | H76: Não verificado
A77: =DATE(Configurações!$B$3,4,4) -> 46116 | B77: =TEXT(A77,"ddd") -> sáb | C77: =Configurações!$A$9 -> CAM 03 | D77: =Configurações!$B$9 -> Câmera 03 | E77: =Configurações!$C$9 -> 0 | F77: Não verificado | G77: Não verificado | H77: Não verificado
A78: =DATE(Configurações!$B$3,4,4) -> 46116 | B78: =TEXT(A78,"ddd") -> sáb | C78: =Configurações!$A$10 -> CAM 04 | D78: =Configurações!$B$10 -> Câmera 04 | E78: =Configurações!$C$10 -> 0 | F78: Não verificado | G78: Não verificado | H78: Não verificado
A79: =DATE(Configurações!$B$3,4,4) -> 46116 | B79: =TEXT(A79,"ddd") -> sáb | C79: =Configurações!$A$11 -> CAM 05 | D79: =Configurações!$B$11 -> Câmera 05 | E79: =Configurações!$C$11 -> 0 | F79: Não verificado | G79: Não verificado | H79: Não verificado
A80: =DATE(Configurações!$B$3,4,4) -> 46116 | B80: =TEXT(A80,"ddd") -> sáb | C80: =Configurações!$A$12 -> CAM 06 | D80: =Configurações!$B$12 -> Câmera 06 | E80: =Configurações!$C$12 -> 0 | F80: Não verificado | G80: Não verificado | H80: Não verificado
A81: =DATE(Configurações!$B$3,4,4) -> 46116 | B81: =TEXT(A81,"ddd") -> sáb | C81: =Configurações!$A$13 -> CAM 07 | D81: =Configurações!$B$13 -> Câmera 07 | E81: =Configurações!$C$13 -> 0 | F81: Não verificado | G81: Não verificado | H81: Não verificado
A82: =DATE(Configurações!$B$3,4,4) -> 46116 | B82: =TEXT(A82,"ddd") -> sáb | C82: =Configurações!$A$14 -> CAM 08 | D82: =Configurações!$B$14 -> Câmera 08 | E82: =Configurações!$C$14 -> 0 | F82: Não verificado | G82: Não verificado | H82: Não verificado
A83: =DATE(Configurações!$B$3,4,4) -> 46116 | B83: =TEXT(A83,"ddd") -> sáb | C83: =Configurações!$A$15 -> CAM 09 | D83: =Configurações!$B$15 -> Câmera 09 | E83: =Configurações!$C$15 -> 0 | F83: Não verificado | G83: Não verificado | H83: Não verificado
A84: =DATE(Configurações!$B$3,4,4) -> 46116 | B84: =TEXT(A84,"ddd") -> sáb | C84: =Configurações!$A$16 -> CAM 10 | D84: =Configurações!$B$16 -> Câmera 10 | E84: =Configurações!$C$16 -> 0 | F84: Não verificado | G84: Não verificado | H84: Não verificado
A85: =DATE(Configurações!$B$3,4,4) -> 46116 | B85: =TEXT(A85,"ddd") -> sáb | C85: =Configurações!$A$17 -> CAM 11 | D85: =Configurações!$B$17 -> Câmera 11 | E85: =Configurações!$C$17 -> 0 | F85: Não verificado | G85: Não verificado | H85: Não verificado
A86: =DATE(Configurações!$B$3,4,4) -> 46116 | B86: =TEXT(A86,"ddd") -> sáb | C86: =Configurações!$A$18 -> CAM 12 | D86: =Configurações!$B$18 -> Câmera 12 | E86: =Configurações!$C$18 -> 0 | F86: Não verificado | G86: Não verificado | H86: Não verificado
A87: =DATE(Configurações!$B$3,4,4) -> 46116 | B87: =TEXT(A87,"ddd") -> sáb | C87: =Configurações!$A$19 -> CAM 13 | D87: =Configurações!$B$19 -> Câmera 13 | E87: =Configurações!$C$19 -> 0 | F87: Não verificado | G87: Não verificado | H87: Não verificado
A88: =DATE(Configurações!$B$3,4,4) -> 46116 | B88: =TEXT(A88,"ddd") -> sáb | C88: =Configurações!$A$20 -> CAM 14 | D88: =Configurações!$B$20 -> Reserva/Futura 01 | E88: =Configurações!$C$20 -> 0 | F88: Não verificado | G88: Não verificado | H88: Não verificado
A89: =DATE(Configurações!$B$3,4,4) -> 46116 | B89: =TEXT(A89,"ddd") -> sáb | C89: =Configurações!$A$21 -> CAM 15 | D89: =Configurações!$B$21 -> Reserva/Futura 02 | E89: =Configurações!$C$21 -> 0 | F89: Não verificado | G89: Não verificado | H89: Não verificado
A90: =DATE(Configurações!$B$3,4,4) -> 46116 | B90: =TEXT(A90,"ddd") -> sáb | C90: =Configurações!$A$22 -> CAM 16 | D90: =Configurações!$B$22 -> Reserva/Futura 03 | E90: =Configurações!$C$22 -> 0 | F90: Não verificado | G90: Não verificado | H90: Não verificado
A91: =DATE(Configurações!$B$3,4,4) -> 46116 | B91: =TEXT(A91,"ddd") -> sáb | C91: =Configurações!$A$23 -> CAM 17 | D91: =Configurações!$B$23 -> Reserva/Futura 04 | E91: =Configurações!$C$23 -> 0 | F91: Não verificado | G91: Não verificado | H91: Não verificado
A92: =DATE(Configurações!$B$3,4,4) -> 46116 | B92: =TEXT(A92,"ddd") -> sáb | C92: =Configurações!$A$24 -> CAM 18 | D92: =Configurações!$B$24 -> Reserva/Futura 05 | E92: =Configurações!$C$24 -> 0 | F92: Não verificado | G92: Não verificado | H92: Não verificado
A93: =DATE(Configurações!$B$3,4,4) -> 46116 | B93: =TEXT(A93,"ddd") -> sáb | C93: =Configurações!$A$25 -> CAM 19 | D93: =Configurações!$B$25 -> Reserva/Futura 06 | E93: =Configurações!$C$25 -> 0 | F93: Não verificado | G93: Não verificado | H93: Não verificado
A94: =DATE(Configurações!$B$3,4,4) -> 46116 | B94: =TEXT(A94,"ddd") -> sáb | C94: =Configurações!$A$26 -> CAM 20 | D94: =Configurações!$B$26 -> Reserva/Futura 07 | E94: =Configurações!$C$26 -> 0 | F94: Não verificado | G94: Não verificado | H94: Não verificado
A95: =DATE(Configurações!$B$3,4,4) -> 46116 | B95: =TEXT(A95,"ddd") -> sáb | C95: =Configurações!$A$27 -> CAM 21 | D95: =Configurações!$B$27 -> Reserva/Futura 08 | E95: =Configurações!$C$27 -> 0 | F95: Não verificado | G95: Não verificado | H95: Não verificado
A96: =DATE(Configurações!$B$3,4,4) -> 46116 | B96: =TEXT(A96,"ddd") -> sáb | C96: =Configurações!$A$28 -> CAM 22 | D96: =Configurações!$B$28 -> Reserva/Futura 09 | E96: =Configurações!$C$28 -> 0 | F96: Não verificado | G96: Não verificado | H96: Não verificado
A97: =DATE(Configurações!$B$3,4,4) -> 46116 | B97: =TEXT(A97,"ddd") -> sáb | C97: =Configurações!$A$29 -> CAM 23 | D97: =Configurações!$B$29 -> Reserva/Futura 10 | E97: =Configurações!$C$29 -> 0 | F97: Não verificado | G97: Não verificado | H97: Não verificado
A98: =DATE(Configurações!$B$3,4,5) -> 46117 | B98: =TEXT(A98,"ddd") -> dom | C98: =Configurações!$A$7 -> CAM 01 | D98: =Configurações!$B$7 -> BARU ANDES | E98: =Configurações!$C$7 -> 0 | F98: Não verificado | G98: Não verificado | H98: Não verificado
A99: =DATE(Configurações!$B$3,4,5) -> 46117 | B99: =TEXT(A99,"ddd") -> dom | C99: =Configurações!$A$8 -> CAM 02 | D99: =Configurações!$B$8 -> Câmera 02 | E99: =Configurações!$C$8 -> 0 | F99: Não verificado | G99: Não verificado | H99: Não verificado
A100: =DATE(Configurações!$B$3,4,5) -> 46117 | B100: =TEXT(A100,"ddd") -> dom | C100: =Configurações!$A$9 -> CAM 03 | D100: =Configurações!$B$9 -> Câmera 03 | E100: =Configurações!$C$9 -> 0 | F100: Não verificado | G100: Não verificado | H100: Não verificado
A101: =DATE(Configurações!$B$3,4,5) -> 46117 | B101: =TEXT(A101,"ddd") -> dom | C101: =Configurações!$A$10 -> CAM 04 | D101: =Configurações!$B$10 -> Câmera 04 | E101: =Configurações!$C$10 -> 0 | F101: Não verificado | G101: Não verificado | H101: Não verificado
...

Sheet Maio
A1: CONTROLE DE MONITORAMENTO DE CÂMERAS - MAIO
A2: Status por horário: Online / Offline / Manutenção / Não verificado. Campo livre para evento técnico e comportamento do colaborador.
M4: RESUMO DO MÊS
A5: Data | B5: Dia | C5: ID | D5: Nome da Câmera | E5: Embarcação/Local | F5: 10:00 | G5: 13:00 | H5: 16:00 | I5: Evento Técnico Online/Offline | J5: Comportamento do Colaborador | K5: Responsável | M5: Indicador | N5: Total | O5: % | P5: Meta | Q5: Observação
A6: =DATE(Configurações!$B$3,5,1) -> 46143 | B6: =TEXT(A6,"ddd") -> sex | C6: =Configurações!$A$7 -> CAM 01 | D6: =Configurações!$B$7 -> BARU ANDES | E6: =Configurações!$C$7 -> 0 | F6: Não verificado | G6: Não verificado | H6: Não verificado | M6: Online | N6: =COUNTIF(F6:H718,"Online") -> 0 | O6: =IFERROR(N6/(N6+N7+N8),0) -> 0 | P6: >=95%
A7: =DATE(Configurações!$B$3,5,1) -> 46143 | B7: =TEXT(A7,"ddd") -> sex | C7: =Configurações!$A$8 -> CAM 02 | D7: =Configurações!$B$8 -> Câmera 02 | E7: =Configurações!$C$8 -> 0 | F7: Não verificado | G7: Não verificado | H7: Não verificado | M7: Offline | N7: =COUNTIF(F6:H718,"Offline") -> 0 | O7: =IFERROR(N7/(N6+N7+N8),0) -> 0 | P7: <=5%
A8: =DATE(Configurações!$B$3,5,1) -> 46143 | B8: =TEXT(A8,"ddd") -> sex | C8: =Configurações!$A$9 -> CAM 03 | D8: =Configurações!$B$9 -> Câmera 03 | E8: =Configurações!$C$9 -> 0 | F8: Não verificado | G8: Não verificado | H8: Não verificado | M8: Manutenção | N8: =COUNTIF(F6:H718,"Manutenção") -> 0 | O8: =IFERROR(N8/(N6+N7+N8),0) -> 0
A9: =DATE(Configurações!$B$3,5,1) -> 46143 | B9: =TEXT(A9,"ddd") -> sex | C9: =Configurações!$A$10 -> CAM 04 | D9: =Configurações!$B$10 -> Câmera 04 | E9: =Configurações!$C$10 -> 0 | F9: Não verificado | G9: Não verificado | H9: Não verificado | M9: Não verificado | N9: =COUNTIF(F6:H718,"Não verificado") -> 2139 | O9: =IFERROR(N9/(N6+N7+N8+N9),0) -> 1 | P9: zerar no fechamento
A10: =DATE(Configurações!$B$3,5,1) -> 46143 | B10: =TEXT(A10,"ddd") -> sex | C10: =Configurações!$A$11 -> CAM 05 | D10: =Configurações!$B$11 -> Câmera 05 | E10: =Configurações!$C$11 -> 0 | F10: Não verificado | G10: Não verificado | H10: Não verificado | M10: Eventos registrados | N10: =COUNTA(I6:J718) -> 0
A11: =DATE(Configurações!$B$3,5,1) -> 46143 | B11: =TEXT(A11,"ddd") -> sex | C11: =Configurações!$A$12 -> CAM 06 | D11: =Configurações!$B$12 -> Câmera 06 | E11: =Configurações!$C$12 -> 0 | F11: Não verificado | G11: Não verificado | H11: Não verificado
A12: =DATE(Configurações!$B$3,5,1) -> 46143 | B12: =TEXT(A12,"ddd") -> sex | C12: =Configurações!$A$13 -> CAM 07 | D12: =Configurações!$B$13 -> Câmera 07 | E12: =Configurações!$C$13 -> 0 | F12: Não verificado | G12: Não verificado | H12: Não verificado
A13: =DATE(Configurações!$B$3,5,1) -> 46143 | B13: =TEXT(A13,"ddd") -> sex | C13: =Configurações!$A$14 -> CAM 08 | D13: =Configurações!$B$14 -> Câmera 08 | E13: =Configurações!$C$14 -> 0 | F13: Não verificado | G13: Não verificado | H13: Não verificado
A14: =DATE(Configurações!$B$3,5,1) -> 46143 | B14: =TEXT(A14,"ddd") -> sex | C14: =Configurações!$A$15 -> CAM 09 | D14: =Configurações!$B$15 -> Câmera 09 | E14: =Configurações!$C$15 -> 0 | F14: Não verificado | G14: Não verificado | H14: Não verificado
A15: =DATE(Configurações!$B$3,5,1) -> 46143 | B15: =TEXT(A15,"ddd") -> sex | C15: =Configurações!$A$16 -> CAM 10 | D15: =Configurações!$B$16 -> Câmera 10 | E15: =Configurações!$C$16 -> 0 | F15: Não verificado | G15: Não verificado | H15: Não verificado
A16: =DATE(Configurações!$B$3,5,1) -> 46143 | B16: =TEXT(A16,"ddd") -> sex | C16: =Configurações!$A$17 -> CAM 11 | D16: =Configurações!$B$17 -> Câmera 11 | E16: =Configurações!$C$17 -> 0 | F16: Não verificado | G16: Não verificado | H16: Não verificado
A17: =DATE(Configurações!$B$3,5,1) -> 46143 | B17: =TEXT(A17,"ddd") -> sex | C17: =Configurações!$A$18 -> CAM 12 | D17: =Configurações!$B$18 -> Câmera 12 | E17: =Configurações!$C$18 -> 0 | F17: Não verificado | G17: Não verificado | H17: Não verificado
A18: =DATE(Configurações!$B$3,5,1) -> 46143 | B18: =TEXT(A18,"ddd") -> sex | C18: =Configurações!$A$19 -> CAM 13 | D18: =Configurações!$B$19 -> Câmera 13 | E18: =Configurações!$C$19 -> 0 | F18: Não verificado | G18: Não verificado | H18: Não verificado
A19: =DATE(Configurações!$B$3,5,1) -> 46143 | B19: =TEXT(A19,"ddd") -> sex | C19: =Configurações!$A$20 -> CAM 14 | D19: =Configurações!$B$20 -> Reserva/Futura 01 | E19: =Configurações!$C$20 -> 0 | F19: Não verificado | G19: Não verificado | H19: Não verificado
A20: =DATE(Configurações!$B$3,5,1) -> 46143 | B20: =TEXT(A20,"ddd") -> sex | C20: =Configurações!$A$21 -> CAM 15 | D20: =Configurações!$B$21 -> Reserva/Futura 02 | E20: =Configurações!$C$21 -> 0 | F20: Não verificado | G20: Não verificado | H20: Não verificado
A21: =DATE(Configurações!$B$3,5,1) -> 46143 | B21: =TEXT(A21,"ddd") -> sex | C21: =Configurações!$A$22 -> CAM 16 | D21: =Configurações!$B$22 -> Reserva/Futura 03 | E21: =Configurações!$C$22 -> 0 | F21: Não verificado | G21: Não verificado | H21: Não verificado
A22: =DATE(Configurações!$B$3,5,1) -> 46143 | B22: =TEXT(A22,"ddd") -> sex | C22: =Configurações!$A$23 -> CAM 17 | D22: =Configurações!$B$23 -> Reserva/Futura 04 | E22: =Configurações!$C$23 -> 0 | F22: Não verificado | G22: Não verificado | H22: Não verificado
A23: =DATE(Configurações!$B$3,5,1) -> 46143 | B23: =TEXT(A23,"ddd") -> sex | C23: =Configurações!$A$24 -> CAM 18 | D23: =Configurações!$B$24 -> Reserva/Futura 05 | E23: =Configurações!$C$24 -> 0 | F23: Não verificado | G23: Não verificado | H23: Não verificado
A24: =DATE(Configurações!$B$3,5,1) -> 46143 | B24: =TEXT(A24,"ddd") -> sex | C24: =Configurações!$A$25 -> CAM 19 | D24: =Configurações!$B$25 -> Reserva/Futura 06 | E24: =Configurações!$C$25 -> 0 | F24: Não verificado | G24: Não verificado | H24: Não verificado
A25: =DATE(Configurações!$B$3,5,1) -> 46143 | B25: =TEXT(A25,"ddd") -> sex | C25: =Configurações!$A$26 -> CAM 20 | D25: =Configurações!$B$26 -> Reserva/Futura 07 | E25: =Configurações!$C$26 -> 0 | F25: Não verificado | G25: Não verificado | H25: Não verificado
A26: =DATE(Configurações!$B$3,5,1) -> 46143 | B26: =TEXT(A26,"ddd") -> sex | C26: =Configurações!$A$27 -> CAM 21 | D26: =Configurações!$B$27 -> Reserva/Futura 08 | E26: =Configurações!$C$27 -> 0 | F26: Não verificado | G26: Não verificado | H26: Não verificado
A27: =DATE(Configurações!$B$3,5,1) -> 46143 | B27: =TEXT(A27,"ddd") -> sex | C27: =Configurações!$A$28 -> CAM 22 | D27: =Configurações!$B$28 -> Reserva/Futura 09 | E27: =Configurações!$C$28 -> 0 | F27: Não verificado | G27: Não verificado | H27: Não verificado
A28: =DATE(Configurações!$B$3,5,1) -> 46143 | B28: =TEXT(A28,"ddd") -> sex | C28: =Configurações!$A$29 -> CAM 23 | D28: =Configurações!$B$29 -> Reserva/Futura 10 | E28: =Configurações!$C$29 -> 0 | F28: Não verificado | G28: Não verificado | H28: Não verificado
A29: =DATE(Configurações!$B$3,5,2) -> 46144 | B29: =TEXT(A29,"ddd") -> sáb | C29: =Configurações!$A$7 -> CAM 01 | D29: =Configurações!$B$7 -> BARU ANDES | E29: =Configurações!$C$7 -> 0 | F29: Não verificado | G29: Não verificado | H29: Não verificado
A30: =DATE(Configurações!$B$3,5,2) -> 46144 | B30: =TEXT(A30,"ddd") -> sáb | C30: =Configurações!$A$8 -> CAM 02 | D30: =Configurações!$B$8 -> Câmera 02 | E30: =Configurações!$C$8 -> 0 | F30: Não verificado | G30: Não verificado | H30: Não verificado
A31: =DATE(Configurações!$B$3,5,2) -> 46144 | B31: =TEXT(A31,"ddd") -> sáb | C31: =Configurações!$A$9 -> CAM 03 | D31: =Configurações!$B$9 -> Câmera 03 | E31: =Configurações!$C$9 -> 0 | F31: Não verificado | G31: Não verificado | H31: Não verificado
A32: =DATE(Configurações!$B$3,5,2) -> 46144 | B32: =TEXT(A32,"ddd") -> sáb | C32: =Configurações!$A$10 -> CAM 04 | D32: =Configurações!$B$10 -> Câmera 04 | E32: =Configurações!$C$10 -> 0 | F32: Não verificado | G32: Não verificado | H32: Não verificado
A33: =DATE(Configurações!$B$3,5,2) -> 46144 | B33: =TEXT(A33,"ddd") -> sáb | C33: =Configurações!$A$11 -> CAM 05 | D33: =Configurações!$B$11 -> Câmera 05 | E33: =Configurações!$C$11 -> 0 | F33: Não verificado | G33: Não verificado | H33: Não verificado
A34: =DATE(Configurações!$B$3,5,2) -> 46144 | B34: =TEXT(A34,"ddd") -> sáb | C34: =Configurações!$A$12 -> CAM 06 | D34: =Configurações!$B$12 -> Câmera 06 | E34: =Configurações!$C$12 -> 0 | F34: Não verificado | G34: Não verificado | H34: Não verificado
A35: =DATE(Configurações!$B$3,5,2) -> 46144 | B35: =TEXT(A35,"ddd") -> sáb | C35: =Configurações!$A$13 -> CAM 07 | D35: =Configurações!$B$13 -> Câmera 07 | E35: =Configurações!$C$13 -> 0 | F35: Não verificado | G35: Não verificado | H35: Não verificado
A36: =DATE(Configurações!$B$3,5,2) -> 46144 | B36: =TEXT(A36,"ddd") -> sáb | C36: =Configurações!$A$14 -> CAM 08 | D36: =Configurações!$B$14 -> Câmera 08 | E36: =Configurações!$C$14 -> 0 | F36: Não verificado | G36: Não verificado | H36: Não verificado
A37: =DATE(Configurações!$B$3,5,2) -> 46144 | B37: =TEXT(A37,"ddd") -> sáb | C37: =Configurações!$A$15 -> CAM 09 | D37: =Configurações!$B$15 -> Câmera 09 | E37: =Configurações!$C$15 -> 0 | F37: Não verificado | G37: Não verificado | H37: Não verificado
A38: =DATE(Configurações!$B$3,5,2) -> 46144 | B38: =TEXT(A38,"ddd") -> sáb | C38: =Configurações!$A$16 -> CAM 10 | D38: =Configurações!$B$16 -> Câmera 10 | E38: =Configurações!$C$16 -> 0 | F38: Não verificado | G38: Não verificado | H38: Não verificado
A39: =DATE(Configurações!$B$3,5,2) -> 46144 | B39: =TEXT(A39,"ddd") -> sáb | C39: =Configurações!$A$17 -> CAM 11 | D39: =Configurações!$B$17 -> Câmera 11 | E39: =Configurações!$C$17 -> 0 | F39: Não verificado | G39: Não verificado | H39: Não verificado
A40: =DATE(Configurações!$B$3,5,2) -> 46144 | B40: =TEXT(A40,"ddd") -> sáb | C40: =Configurações!$A$18 -> CAM 12 | D40: =Configurações!$B$18 -> Câmera 12 | E40: =Configurações!$C$18 -> 0 | F40: Não verificado | G40: Não verificado | H40: Não verificado
A41: =DATE(Configurações!$B$3,5,2) -> 46144 | B41: =TEXT(A41,"ddd") -> sáb | C41: =Configurações!$A$19 -> CAM 13 | D41: =Configurações!$B$19 -> Câmera 13 | E41: =Configurações!$C$19 -> 0 | F41: Não verificado | G41: Não verificado | H41: Não verificado
A42: =DATE(Configurações!$B$3,5,2) -> 46144 | B42: =TEXT(A42,"ddd") -> sáb | C42: =Configurações!$A$20 -> CAM 14 | D42: =Configurações!$B$20 -> Reserva/Futura 01 | E42: =Configurações!$C$20 -> 0 | F42: Não verificado | G42: Não verificado | H42: Não verificado
A43: =DATE(Configurações!$B$3,5,2) -> 46144 | B43: =TEXT(A43,"ddd") -> sáb | C43: =Configurações!$A$21 -> CAM 15 | D43: =Configurações!$B$21 -> Reserva/Futura 02 | E43: =Configurações!$C$21 -> 0 | F43: Não verificado | G43: Não verificado | H43: Não verificado
A44: =DATE(Configurações!$B$3,5,2) -> 46144 | B44: =TEXT(A44,"ddd") -> sáb | C44: =Configurações!$A$22 -> CAM 16 | D44: =Configurações!$B$22 -> Reserva/Futura 03 | E44: =Configurações!$C$22 -> 0 | F44: Não verificado | G44: Não verificado | H44: Não verificado
A45: =DATE(Configurações!$B$3,5,2) -> 46144 | B45: =TEXT(A45,"ddd") -> sáb | C45: =Configurações!$A$23 -> CAM 17 | D45: =Configurações!$B$23 -> Reserva/Futura 04 | E45: =Configurações!$C$23 -> 0 | F45: Não verificado | G45: Não verificado | H45: Não verificado
A46: =DATE(Configurações!$B$3,5,2) -> 46144 | B46: =TEXT(A46,"ddd") -> sáb | C46: =Configurações!$A$24 -> CAM 18 | D46: =Configurações!$B$24 -> Reserva/Futura 05 | E46: =Configurações!$C$24 -> 0 | F46: Não verificado | G46: Não verificado | H46: Não verificado
A47: =DATE(Configurações!$B$3,5,2) -> 46144 | B47: =TEXT(A47,"ddd") -> sáb | C47: =Configurações!$A$25 -> CAM 19 | D47: =Configurações!$B$25 -> Reserva/Futura 06 | E47: =Configurações!$C$25 -> 0 | F47: Não verificado | G47: Não verificado | H47: Não verificado
A48: =DATE(Configurações!$B$3,5,2) -> 46144 | B48: =TEXT(A48,"ddd") -> sáb | C48: =Configurações!$A$26 -> CAM 20 | D48: =Configurações!$B$26 -> Reserva/Futura 07 | E48: =Configurações!$C$26 -> 0 | F48: Não verificado | G48: Não verificado | H48: Não verificado
A49: =DATE(Configurações!$B$3,5,2) -> 46144 | B49: =TEXT(A49,"ddd") -> sáb | C49: =Configurações!$A$27 -> CAM 21 | D49: =Configurações!$B$27 -> Reserva/Futura 08 | E49: =Configurações!$C$27 -> 0 | F49: Não verificado | G49: Não verificado | H49: Não verificado
A50: =DATE(Configurações!$B$3,5,2) -> 46144 | B50: =TEXT(A50,"ddd") -> sáb | C50: =Configurações!$A$28 -> CAM 22 | D50: =Configurações!$B$28 -> Reserva/Futura 09 | E50: =Configurações!$C$28 -> 0 | F50: Não verificado | G50: Não verificado | H50: Não verificado
A51: =DATE(Configurações!$B$3,5,2) -> 46144 | B51: =TEXT(A51,"ddd") -> sáb | C51: =Configurações!$A$29 -> CAM 23 | D51: =Configurações!$B$29 -> Reserva/Futura 10 | E51: =Configurações!$C$29 -> 0 | F51: Não verificado | G51: Não verificado | H51: Não verificado
A52: =DATE(Configurações!$B$3,5,3) -> 46145 | B52: =TEXT(A52,"ddd") -> dom | C52: =Configurações!$A$7 -> CAM 01 | D52: =Configurações!$B$7 -> BARU ANDES | E52: =Configurações!$C$7 -> 0 | F52: Não verificado | G52: Não verificado | H52: Não verificado
A53: =DATE(Configurações!$B$3,5,3) -> 46145 | B53: =TEXT(A53,"ddd") -> dom | C53: =Configurações!$A$8 -> CAM 02 | D53: =Configurações!$B$8 -> Câmera 02 | E53: =Configurações!$C$8 -> 0 | F53: Não verificado | G53: Não verificado | H53: Não verificado
A54: =DATE(Configurações!$B$3,5,3) -> 46145 | B54: =TEXT(A54,"ddd") -> dom | C54: =Configurações!$A$9 -> CAM 03 | D54: =Configurações!$B$9 -> Câmera 03 | E54: =Configurações!$C$9 -> 0 | F54: Não verificado | G54: Não verificado | H54: Não verificado
A55: =DATE(Configurações!$B$3,5,3) -> 46145 | B55: =TEXT(A55,"ddd") -> dom | C55: =Configurações!$A$10 -> CAM 04 | D55: =Configurações!$B$10 -> Câmera 04 | E55: =Configurações!$C$10 -> 0 | F55: Não verificado | G55: Não verificado | H55: Não verificado
A56: =DATE(Configurações!$B$3,5,3) -> 46145 | B56: =TEXT(A56,"ddd") -> dom | C56: =Configurações!$A$11 -> CAM 05 | D56: =Configurações!$B$11 -> Câmera 05 | E56: =Configurações!$C$11 -> 0 | F56: Não verificado | G56: Não verificado | H56: Não verificado
A57: =DATE(Configurações!$B$3,5,3) -> 46145 | B57: =TEXT(A57,"ddd") -> dom | C57: =Configurações!$A$12 -> CAM 06 | D57: =Configurações!$B$12 -> Câmera 06 | E57: =Configurações!$C$12 -> 0 | F57: Não verificado | G57: Não verificado | H57: Não verificado
A58: =DATE(Configurações!$B$3,5,3) -> 46145 | B58: =TEXT(A58,"ddd") -> dom | C58: =Configurações!$A$13 -> CAM 07 | D58: =Configurações!$B$13 -> Câmera 07 | E58: =Configurações!$C$13 -> 0 | F58: Não verificado | G58: Não verificado | H58: Não verificado
A59: =DATE(Configurações!$B$3,5,3) -> 46145 | B59: =TEXT(A59,"ddd") -> dom | C59: =Configurações!$A$14 -> CAM 08 | D59: =Configurações!$B$14 -> Câmera 08 | E59: =Configurações!$C$14 -> 0 | F59: Não verificado | G59: Não verificado | H59: Não verificado
A60: =DATE(Configurações!$B$3,5,3) -> 46145 | B60: =TEXT(A60,"ddd") -> dom | C60: =Configurações!$A$15 -> CAM 09 | D60: =Configurações!$B$15 -> Câmera 09 | E60: =Configurações!$C$15 -> 0 | F60: Não verificado | G60: Não verificado | H60: Não verificado
A61: =DATE(Configurações!$B$3,5,3) -> 46145 | B61: =TEXT(A61,"ddd") -> dom | C61: =Configurações!$A$16 -> CAM 10 | D61: =Configurações!$B$16 -> Câmera 10 | E61: =Configurações!$C$16 -> 0 | F61: Não verificado | G61: Não verificado | H61: Não verificado
A62: =DATE(Configurações!$B$3,5,3) -> 46145 | B62: =TEXT(A62,"ddd") -> dom | C62: =Configurações!$A$17 -> CAM 11 | D62: =Configurações!$B$17 -> Câmera 11 | E62: =Configurações!$C$17 -> 0 | F62: Não verificado | G62: Não verificado | H62: Não verificado
A63: =DATE(Configurações!$B$3,5,3) -> 46145 | B63: =TEXT(A63,"ddd") -> dom | C63: =Configurações!$A$18 -> CAM 12 | D63: =Configurações!$B$18 -> Câmera 12 | E63: =Configurações!$C$18 -> 0 | F63: Não verificado | G63: Não verificado | H63: Não verificado
A64: =DATE(Configurações!$B$3,5,3) -> 46145 | B64: =TEXT(A64,"ddd") -> dom | C64: =Configurações!$A$19 -> CAM 13 | D64: =Configurações!$B$19 -> Câmera 13 | E64: =Configurações!$C$19 -> 0 | F64: Não verificado | G64: Não verificado | H64: Não verificado
A65: =DATE(Configurações!$B$3,5,3) -> 46145 | B65: =TEXT(A65,"ddd") -> dom | C65: =Configurações!$A$20 -> CAM 14 | D65: =Configurações!$B$20 -> Reserva/Futura 01 | E65: =Configurações!$C$20 -> 0 | F65: Não verificado | G65: Não verificado | H65: Não verificado
A66: =DATE(Configurações!$B$3,5,3) -> 46145 | B66: =TEXT(A66,"ddd") -> dom | C66: =Configurações!$A$21 -> CAM 15 | D66: =Configurações!$B$21 -> Reserva/Futura 02 | E66: =Configurações!$C$21 -> 0 | F66: Não verificado | G66: Não verificado | H66: Não verificado
A67: =DATE(Configurações!$B$3,5,3) -> 46145 | B67: =TEXT(A67,"ddd") -> dom | C67: =Configurações!$A$22 -> CAM 16 | D67: =Configurações!$B$22 -> Reserva/Futura 03 | E67: =Configurações!$C$22 -> 0 | F67: Não verificado | G67: Não verificado | H67: Não verificado
A68: =DATE(Configurações!$B$3,5,3) -> 46145 | B68: =TEXT(A68,"ddd") -> dom | C68: =Configurações!$A$23 -> CAM 17 | D68: =Configurações!$B$23 -> Reserva/Futura 04 | E68: =Configurações!$C$23 -> 0 | F68: Não verificado | G68: Não verificado | H68: Não verificado
A69: =DATE(Configurações!$B$3,5,3) -> 46145 | B69: =TEXT(A69,"ddd") -> dom | C69: =Configurações!$A$24 -> CAM 18 | D69: =Configurações!$B$24 -> Reserva/Futura 05 | E69: =Configurações!$C$24 -> 0 | F69: Não verificado | G69: Não verificado | H69: Não verificado
A70: =DATE(Configurações!$B$3,5,3) -> 46145 | B70: =TEXT(A70,"ddd") -> dom | C70: =Configurações!$A$25 -> CAM 19 | D70: =Configurações!$B$25 -> Reserva/Futura 06 | E70: =Configurações!$C$25 -> 0 | F70: Não verificado | G70: Não verificado | H70: Não verificado
A71: =DATE(Configurações!$B$3,5,3) -> 46145 | B71: =TEXT(A71,"ddd") -> dom | C71: =Configurações!$A$26 -> CAM 20 | D71: =Configurações!$B$26 -> Reserva/Futura 07 | E71: =Configurações!$C$26 -> 0 | F71: Não verificado | G71: Não verificado | H71: Não verificado
A72: =DATE(Configurações!$B$3,5,3) -> 46145 | B72: =TEXT(A72,"ddd") -> dom | C72: =Configurações!$A$27 -> CAM 21 | D72: =Configurações!$B$27 -> Reserva/Futura 08 | E72: =Configurações!$C$27 -> 0 | F72: Não verificado | G72: Não verificado | H72: Não verificado
A73: =DATE(Configurações!$B$3,5,3) -> 46145 | B73: =TEXT(A73,"ddd") -> dom | C73: =Configurações!$A$28 -> CAM 22 | D73: =Configurações!$B$28 -> Reserva/Futura 09 | E73: =Configurações!$C$28 -> 0 | F73: Não verificado | G73: Não verificado | H73: Não verificado
A74: =DATE(Configurações!$B$3,5,3) -> 46145 | B74: =TEXT(A74,"ddd") -> dom | C74: =Configurações!$A$29 -> CAM 23 | D74: =Configurações!$B$29 -> Reserva/Futura 10 | E74: =Configurações!$C$29 -> 0 | F74: Não verificado | G74: Não verificado | H74: Não verificado
A75: =DATE(Configurações!$B$3,5,4) -> 46146 | B75: =TEXT(A75,"ddd") -> seg | C75: =Configurações!$A$7 -> CAM 01 | D75: =Configurações!$B$7 -> BARU ANDES | E75: =Configurações!$C$7 -> 0 | F75: Não verificado | G75: Não verificado | H75: Não verificado
A76: =DATE(Configurações!$B$3,5,4) -> 46146 | B76: =TEXT(A76,"ddd") -> seg | C76: =Configurações!$A$8 -> CAM 02 | D76: =Configurações!$B$8 -> Câmera 02 | E76: =Configurações!$C$8 -> 0 | F76: Não verificado | G76: Não verificado | H76: Não verificado
A77: =DATE(Configurações!$B$3,5,4) -> 46146 | B77: =TEXT(A77,"ddd") -> seg | C77: =Configurações!$A$9 -> CAM 03 | D77: =Configurações!$B$9 -> Câmera 03 | E77: =Configurações!$C$9 -> 0 | F77: Não verificado | G77: Não verificado | H77: Não verificado
A78: =DATE(Configurações!$B$3,5,4) -> 46146 | B78: =TEXT(A78,"ddd") -> seg | C78: =Configurações!$A$10 -> CAM 04 | D78: =Configurações!$B$10 -> Câmera 04 | E78: =Configurações!$C$10 -> 0 | F78: Não verificado | G78: Não verificado | H78: Não verificado
A79: =DATE(Configurações!$B$3,5,4) -> 46146 | B79: =TEXT(A79,"ddd") -> seg | C79: =Configurações!$A$11 -> CAM 05 | D79: =Configurações!$B$11 -> Câmera 05 | E79: =Configurações!$C$11 -> 0 | F79: Não verificado | G79: Não verificado | H79: Não verificado
A80: =DATE(Configurações!$B$3,5,4) -> 46146 | B80: =TEXT(A80,"ddd") -> seg | C80: =Configurações!$A$12 -> CAM 06 | D80: =Configurações!$B$12 -> Câmera 06 | E80: =Configurações!$C$12 -> 0 | F80: Não verificado | G80: Não verificado | H80: Não verificado
A81: =DATE(Configurações!$B$3,5,4) -> 46146 | B81: =TEXT(A81,"ddd") -> seg | C81: =Configurações!$A$13 -> CAM 07 | D81: =Configurações!$B$13 -> Câmera 07 | E81: =Configurações!$C$13 -> 0 | F81: Não verificado | G81: Não verificado | H81: Não verificado
A82: =DATE(Configurações!$B$3,5,4) -> 46146 | B82: =TEXT(A82,"ddd") -> seg | C82: =Configurações!$A$14 -> CAM 08 | D82: =Configurações!$B$14 -> Câmera 08 | E82: =Configurações!$C$14 -> 0 | F82: Não verificado | G82: Não verificado | H82: Não verificado
A83: =DATE(Configurações!$B$3,5,4) -> 46146 | B83: =TEXT(A83,"ddd") -> seg | C83: =Configurações!$A$15 -> CAM 09 | D83: =Configurações!$B$15 -> Câmera 09 | E83: =Configurações!$C$15 -> 0 | F83: Não verificado | G83: Não verificado | H83: Não verificado
A84: =DATE(Configurações!$B$3,5,4) -> 46146 | B84: =TEXT(A84,"ddd") -> seg | C84: =Configurações!$A$16 -> CAM 10 | D84: =Configurações!$B$16 -> Câmera 10 | E84: =Configurações!$C$16 -> 0 | F84: Não verificado | G84: Não verificado | H84: Não verificado
A85: =DATE(Configurações!$B$3,5,4) -> 46146 | B85: =TEXT(A85,"ddd") -> seg | C85: =Configurações!$A$17 -> CAM 11 | D85: =Configurações!$B$17 -> Câmera 11 | E85: =Configurações!$C$17 -> 0 | F85: Não verificado | G85: Não verificado | H85: Não verificado
A86: =DATE(Configurações!$B$3,5,4) -> 46146 | B86: =TEXT(A86,"ddd") -> seg | C86: =Configurações!$A$18 -> CAM 12 | D86: =Configurações!$B$18 -> Câmera 12 | E86: =Configurações!$C$18 -> 0 | F86: Não verificado | G86: Não verificado | H86: Não verificado
A87: =DATE(Configurações!$B$3,5,4) -> 46146 | B87: =TEXT(A87,"ddd") -> seg | C87: =Configurações!$A$19 -> CAM 13 | D87: =Configurações!$B$19 -> Câmera 13 | E87: =Configurações!$C$19 -> 0 | F87: Não verificado | G87: Não verificado | H87: Não verificado
A88: =DATE(Configurações!$B$3,5,4) -> 46146 | B88: =TEXT(A88,"ddd") -> seg | C88: =Configurações!$A$20 -> CAM 14 | D88: =Configurações!$B$20 -> Reserva/Futura 01 | E88: =Configurações!$C$20 -> 0 | F88: Não verificado | G88: Não verificado | H88: Não verificado
A89: =DATE(Configurações!$B$3,5,4) -> 46146 | B89: =TEXT(A89,"ddd") -> seg | C89: =Configurações!$A$21 -> CAM 15 | D89: =Configurações!$B$21 -> Reserva/Futura 02 | E89: =Configurações!$C$21 -> 0 | F89: Não verificado | G89: Não verificado | H89: Não verificado
A90: =DATE(Configurações!$B$3,5,4) -> 46146 | B90: =TEXT(A90,"ddd") -> seg | C90: =Configurações!$A$22 -> CAM 16 | D90: =Configurações!$B$22 -> Reserva/Futura 03 | E90: =Configurações!$C$22 -> 0 | F90: Não verificado | G90: Não verificado | H90: Não verificado
A91: =DATE(Configurações!$B$3,5,4) -> 46146 | B91: =TEXT(A91,"ddd") -> seg | C91: =Configurações!$A$23 -> CAM 17 | D91: =Configurações!$B$23 -> Reserva/Futura 04 | E91: =Configurações!$C$23 -> 0 | F91: Não verificado | G91: Não verificado | H91: Não verificado
A92: =DATE(Configurações!$B$3,5,4) -> 46146 | B92: =TEXT(A92,"ddd") -> seg | C92: =Configurações!$A$24 -> CAM 18 | D92: =Configurações!$B$24 -> Reserva/Futura 05 | E92: =Configurações!$C$24 -> 0 | F92: Não verificado | G92: Não verificado | H92: Não verificado
A93: =DATE(Configurações!$B$3,5,4) -> 46146 | B93: =TEXT(A93,"ddd") -> seg | C93: =Configurações!$A$25 -> CAM 19 | D93: =Configurações!$B$25 -> Reserva/Futura 06 | E93: =Configurações!$C$25 -> 0 | F93: Não verificado | G93: Não verificado | H93: Não verificado
A94: =DATE(Configurações!$B$3,5,4) -> 46146 | B94: =TEXT(A94,"ddd") -> seg | C94: =Configurações!$A$26 -> CAM 20 | D94: =Configurações!$B$26 -> Reserva/Futura 07 | E94: =Configurações!$C$26 -> 0 | F94: Não verificado | G94: Não verificado | H94: Não verificado
A95: =DATE(Configurações!$B$3,5,4) -> 46146 | B95: =TEXT(A95,"ddd") -> seg | C95: =Configurações!$A$27 -> CAM 21 | D95: =Configurações!$B$27 -> Reserva/Futura 08 | E95: =Configurações!$C$27 -> 0 | F95: Não verificado | G95: Não verificado | H95: Não verificado
A96: =DATE(Configurações!$B$3,5,4) -> 46146 | B96: =TEXT(A96,"ddd") -> seg | C96: =Configurações!$A$28 -> CAM 22 | D96: =Configurações!$B$28 -> Reserva/Futura 09 | E96: =Configurações!$C$28 -> 0 | F96: Não verificado | G96: Não verificado | H96: Não verificado
A97: =DATE(Configurações!$B$3,5,4) -> 46146 | B97: =TEXT(A97,"ddd") -> seg | C97: =Configurações!$A$29 -> CAM 23 | D97: =Configurações!$B$29 -> Reserva/Futura 10 | E97: =Configurações!$C$29 -> 0 | F97: Não verificado | G97: Não verificado | H97: Não verificado
A98: =DATE(Configurações!$B$3,5,5) -> 46147 | B98: =TEXT(A98,"ddd") -> ter | C98: =Configurações!$A$7 -> CAM 01 | D98: =Configurações!$B$7 -> BARU ANDES | E98: =Configurações!$C$7 -> 0 | F98: Não verificado | G98: Não verificado | H98: Não verificado
A99: =DATE(Configurações!$B$3,5,5) -> 46147 | B99: =TEXT(A99,"ddd") -> ter | C99: =Configurações!$A$8 -> CAM 02 | D99: =Configurações!$B$8 -> Câmera 02 | E99: =Configurações!$C$8 -> 0 | F99: Não verificado | G99: Não verificado | H99: Não verificado
A100: =DATE(Configurações!$B$3,5,5) -> 46147 | B100: =TEXT(A100,"ddd") -> ter | C100: =Configurações!$A$9 -> CAM 03 | D100: =Configurações!$B$9 -> Câmera 03 | E100: =Configurações!$C$9 -> 0 | F100: Não verificado | G100: Não verificado | H100: Não verificado
A101: =DATE(Configurações!$B$3,5,5) -> 46147 | B101: =TEXT(A101,"ddd") -> ter | C101: =Configurações!$A$10 -> CAM 04 | D101: =Configurações!$B$10 -> Câmera 04 | E101: =Configurações!$C$10 -> 0 | F101: Não verificado | G101: Não verificado | H101: Não verificado
...

Sheet Junho
A1: CONTROLE DE MONITORAMENTO DE CÂMERAS - JUNHO
A2: Status por horário: Online / Offline / Manutenção / Não verificado. Campo livre para evento técnico e comportamento do colaborador.
M4: RESUMO DO MÊS
A5: Data | B5: Dia | C5: ID | D5: Nome da Câmera | E5: Embarcação/Local | F5: 10:00 | G5: 13:00 | H5: 16:00 | I5: Evento Técnico Online/Offline | J5: Comportamento do Colaborador | K5: Responsável | M5: Indicador | N5: Total | O5: % | P5: Meta | Q5: Observação
A6: =DATE(Configurações!$B$3,6,1) -> 46174 | B6: =TEXT(A6,"ddd") -> seg | C6: =Configurações!$A$7 -> CAM 01 | D6: =Configurações!$B$7 -> BARU ANDES | E6: =Configurações!$C$7 -> 0 | F6: Não verificado | G6: Não verificado | H6: Não verificado | M6: Online | N6: =COUNTIF(F6:H718,"Online") -> 0 | O6: =IFERROR(N6/(N6+N7+N8),0) -> 0 | P6: >=95%
A7: =DATE(Configurações!$B$3,6,1) -> 46174 | B7: =TEXT(A7,"ddd") -> seg | C7: =Configurações!$A$8 -> CAM 02 | D7: =Configurações!$B$8 -> Câmera 02 | E7: =Configurações!$C$8 -> 0 | F7: Não verificado | G7: Não verificado | H7: Não verificado | M7: Offline | N7: =COUNTIF(F6:H718,"Offline") -> 0 | O7: =IFERROR(N7/(N6+N7+N8),0) -> 0 | P7: <=5%
A8: =DATE(Configurações!$B$3,6,1) -> 46174 | B8: =TEXT(A8,"ddd") -> seg | C8: =Configurações!$A$9 -> CAM 03 | D8: =Configurações!$B$9 -> Câmera 03 | E8: =Configurações!$C$9 -> 0 | F8: Não verificado | G8: Não verificado | H8: Não verificado | M8: Manutenção | N8: =COUNTIF(F6:H718,"Manutenção") -> 0 | O8: =IFERROR(N8/(N6+N7+N8),0) -> 0
A9: =DATE(Configurações!$B$3,6,1) -> 46174 | B9: =TEXT(A9,"ddd") -> seg | C9: =Configurações!$A$10 -> CAM 04 | D9: =Configurações!$B$10 -> Câmera 04 | E9: =Configurações!$C$10 -> 0 | F9: Não verificado | G9: Não verificado | H9: Não verificado | M9: Não verificado | N9: =COUNTIF(F6:H718,"Não verificado") -> 2139 | O9: =IFERROR(N9/(N6+N7+N8+N9),0) -> 1 | P9: zerar no fechamento
A10: =DATE(Configurações!$B$3,6,1) -> 46174 | B10: =TEXT(A10,"ddd") -> seg | C10: =Configurações!$A$11 -> CAM 05 | D10: =Configurações!$B$11 -> Câmera 05 | E10: =Configurações!$C$11 -> 0 | F10: Não verificado | G10: Não verificado | H10: Não verificado | M10: Eventos registrados | N10: =COUNTA(I6:J718) -> 0
A11: =DATE(Configurações!$B$3,6,1) -> 46174 | B11: =TEXT(A11,"ddd") -> seg | C11: =Configurações!$A$12 -> CAM 06 | D11: =Configurações!$B$12 -> Câmera 06 | E11: =Configurações!$C$12 -> 0 | F11: Não verificado | G11: Não verificado | H11: Não verificado
A12: =DATE(Configurações!$B$3,6,1) -> 46174 | B12: =TEXT(A12,"ddd") -> seg | C12: =Configurações!$A$13 -> CAM 07 | D12: =Configurações!$B$13 -> Câmera 07 | E12: =Configurações!$C$13 -> 0 | F12: Não verificado | G12: Não verificado | H12: Não verificado
A13: =DATE(Configurações!$B$3,6,1) -> 46174 | B13: =TEXT(A13,"ddd") -> seg | C13: =Configurações!$A$14 -> CAM 08 | D13: =Configurações!$B$14 -> Câmera 08 | E13: =Configurações!$C$14 -> 0 | F13: Não verificado | G13: Não verificado | H13: Não verificado
A14: =DATE(Configurações!$B$3,6,1) -> 46174 | B14: =TEXT(A14,"ddd") -> seg | C14: =Configurações!$A$15 -> CAM 09 | D14: =Configurações!$B$15 -> Câmera 09 | E14: =Configurações!$C$15 -> 0 | F14: Não verificado | G14: Não verificado | H14: Não verificado
A15: =DATE(Configurações!$B$3,6,1) -> 46174 | B15: =TEXT(A15,"ddd") -> seg | C15: =Configurações!$A$16 -> CAM 10 | D15: =Configurações!$B$16 -> Câmera 10 | E15: =Configurações!$C$16 -> 0 | F15: Não verificado | G15: Não verificado | H15: Não verificado
A16: =DATE(Configurações!$B$3,6,1) -> 46174 | B16: =TEXT(A16,"ddd") -> seg | C16: =Configurações!$A$17 -> CAM 11 | D16: =Configurações!$B$17 -> Câmera 11 | E16: =Configurações!$C$17 -> 0 | F16: Não verificado | G16: Não verificado | H16: Não verificado
A17: =DATE(Configurações!$B$3,6,1) -> 46174 | B17: =TEXT(A17,"ddd") -> seg | C17: =Configurações!$A$18 -> CAM 12 | D17: =Configurações!$B$18 -> Câmera 12 | E17: =Configurações!$C$18 -> 0 | F17: Não verificado | G17: Não verificado | H17: Não verificado
A18: =DATE(Configurações!$B$3,6,1) -> 46174 | B18: =TEXT(A18,"ddd") -> seg | C18: =Configurações!$A$19 -> CAM 13 | D18: =Configurações!$B$19 -> Câmera 13 | E18: =Configurações!$C$19 -> 0 | F18: Não verificado | G18: Não verificado | H18: Não verificado
A19: =DATE(Configurações!$B$3,6,1) -> 46174 | B19: =TEXT(A19,"ddd") -> seg | C19: =Configurações!$A$20 -> CAM 14 | D19: =Configurações!$B$20 -> Reserva/Futura 01 | E19: =Configurações!$C$20 -> 0 | F19: Não verificado | G19: Não verificado | H19: Não verificado
A20: =DATE(Configurações!$B$3,6,1) -> 46174 | B20: =TEXT(A20,"ddd") -> seg | C20: =Configurações!$A$21 -> CAM 15 | D20: =Configurações!$B$21 -> Reserva/Futura 02 | E20: =Configurações!$C$21 -> 0 | F20: Não verificado | G20: Não verificado | H20: Não verificado
A21: =DATE(Configurações!$B$3,6,1) -> 46174 | B21: =TEXT(A21,"ddd") -> seg | C21: =Configurações!$A$22 -> CAM 16 | D21: =Configurações!$B$22 -> Reserva/Futura 03 | E21: =Configurações!$C$22 -> 0 | F21: Não verificado | G21: Não verificado | H21: Não verificado
A22: =DATE(Configurações!$B$3,6,1) -> 46174 | B22: =TEXT(A22,"ddd") -> seg | C22: =Configurações!$A$23 -> CAM 17 | D22: =Configurações!$B$23 -> Reserva/Futura 04 | E22: =Configurações!$C$23 -> 0 | F22: Não verificado | G22: Não verificado | H22: Não verificado
A23: =DATE(Configurações!$B$3,6,1) -> 46174 | B23: =TEXT(A23,"ddd") -> seg | C23: =Configurações!$A$24 -> CAM 18 | D23: =Configurações!$B$24 -> Reserva/Futura 05 | E23: =Configurações!$C$24 -> 0 | F23: Não verificado | G23: Não verificado | H23: Não verificado
A24: =DATE(Configurações!$B$3,6,1) -> 46174 | B24: =TEXT(A24,"ddd") -> seg | C24: =Configurações!$A$25 -> CAM 19 | D24: =Configurações!$B$25 -> Reserva/Futura 06 | E24: =Configurações!$C$25 -> 0 | F24: Não verificado | G24: Não verificado | H24: Não verificado
A25: =DATE(Configurações!$B$3,6,1) -> 46174 | B25: =TEXT(A25,"ddd") -> seg | C25: =Configurações!$A$26 -> CAM 20 | D25: =Configurações!$B$26 -> Reserva/Futura 07 | E25: =Configurações!$C$26 -> 0 | F25: Não verificado | G25: Não verificado | H25: Não verificado
A26: =DATE(Configurações!$B$3,6,1) -> 46174 | B26: =TEXT(A26,"ddd") -> seg | C26: =Configurações!$A$27 -> CAM 21 | D26: =Configurações!$B$27 -> Reserva/Futura 08 | E26: =Configurações!$C$27 -> 0 | F26: Não verificado | G26: Não verificado | H26: Não verificado
A27: =DATE(Configurações!$B$3,6,1) -> 46174 | B27: =TEXT(A27,"ddd") -> seg | C27: =Configurações!$A$28 -> CAM 22 | D27: =Configurações!$B$28 -> Reserva/Futura 09 | E27: =Configurações!$C$28 -> 0 | F27: Não verificado | G27: Não verificado | H27: Não verificado
A28: =DATE(Configurações!$B$3,6,1) -> 46174 | B28: =TEXT(A28,"ddd") -> seg | C28: =Configurações!$A$29 -> CAM 23 | D28: =Configurações!$B$29 -> Reserva/Futura 10 | E28: =Configurações!$C$29 -> 0 | F28: Não verificado | G28: Não verificado | H28: Não verificado
A29: =DATE(Configurações!$B$3,6,2) -> 46175 | B29: =TEXT(A29,"ddd") -> ter | C29: =Configurações!$A$7 -> CAM 01 | D29: =Configurações!$B$7 -> BARU ANDES | E29: =Configurações!$C$7 -> 0 | F29: Não verificado | G29: Não verificado | H29: Não verificado
A30: =DATE(Configurações!$B$3,6,2) -> 46175 | B30: =TEXT(A30,"ddd") -> ter | C30: =Configurações!$A$8 -> CAM 02 | D30: =Configurações!$B$8 -> Câmera 02 | E30: =Configurações!$C$8 -> 0 | F30: Não verificado | G30: Não verificado | H30: Não verificado
A31: =DATE(Configurações!$B$3,6,2) -> 46175 | B31: =TEXT(A31,"ddd") -> ter | C31: =Configurações!$A$9 -> CAM 03 | D31: =Configurações!$B$9 -> Câmera 03 | E31: =Configurações!$C$9 -> 0 | F31: Não verificado | G31: Não verificado | H31: Não verificado
A32: =DATE(Configurações!$B$3,6,2) -> 46175 | B32: =TEXT(A32,"ddd") -> ter | C32: =Configurações!$A$10 -> CAM 04 | D32: =Configurações!$B$10 -> Câmera 04 | E32: =Configurações!$C$10 -> 0 | F32: Não verificado | G32: Não verificado | H32: Não verificado
A33: =DATE(Configurações!$B$3,6,2) -> 46175 | B33: =TEXT(A33,"ddd") -> ter | C33: =Configurações!$A$11 -> CAM 05 | D33: =Configurações!$B$11 -> Câmera 05 | E33: =Configurações!$C$11 -> 0 | F33: Não verificado | G33: Não verificado | H33: Não verificado
A34: =DATE(Configurações!$B$3,6,2) -> 46175 | B34: =TEXT(A34,"ddd") -> ter | C34: =Configurações!$A$12 -> CAM 06 | D34: =Configurações!$B$12 -> Câmera 06 | E34: =Configurações!$C$12 -> 0 | F34: Não verificado | G34: Não verificado | H34: Não verificado
A35: =DATE(Configurações!$B$3,6,2) -> 46175 | B35: =TEXT(A35,"ddd") -> ter | C35: =Configurações!$A$13 -> CAM 07 | D35: =Configurações!$B$13 -> Câmera 07 | E35: =Configurações!$C$13 -> 0 | F35: Não verificado | G35: Não verificado | H35: Não verificado
A36: =DATE(Configurações!$B$3,6,2) -> 46175 | B36: =TEXT(A36,"ddd") -> ter | C36: =Configurações!$A$14 -> CAM 08 | D36: =Configurações!$B$14 -> Câmera 08 | E36: =Configurações!$C$14 -> 0 | F36: Não verificado | G36: Não verificado | H36: Não verificado
A37: =DATE(Configurações!$B$3,6,2) -> 46175 | B37: =TEXT(A37,"ddd") -> ter | C37: =Configurações!$A$15 -> CAM 09 | D37: =Configurações!$B$15 -> Câmera 09 | E37: =Configurações!$C$15 -> 0 | F37: Não verificado | G37: Não verificado | H37: Não verificado
A38: =DATE(Configurações!$B$3,6,2) -> 46175 | B38: =TEXT(A38,"ddd") -> ter | C38: =Configurações!$A$16 -> CAM 10 | D38: =Configurações!$B$16 -> Câmera 10 | E38: =Configurações!$C$16 -> 0 | F38: Não verificado | G38: Não verificado | H38: Não verificado
A39: =DATE(Configurações!$B$3,6,2) -> 46175 | B39: =TEXT(A39,"ddd") -> ter | C39: =Configurações!$A$17 -> CAM 11 | D39: =Configurações!$B$17 -> Câmera 11 | E39: =Configurações!$C$17 -> 0 | F39: Não verificado | G39: Não verificado | H39: Não verificado
A40: =DATE(Configurações!$B$3,6,2) -> 46175 | B40: =TEXT(A40,"ddd") -> ter | C40: =Configurações!$A$18 -> CAM 12 | D40: =Configurações!$B$18 -> Câmera 12 | E40: =Configurações!$C$18 -> 0 | F40: Não verificado | G40: Não verificado | H40: Não verificado
A41: =DATE(Configurações!$B$3,6,2) -> 46175 | B41: =TEXT(A41,"ddd") -> ter | C41: =Configurações!$A$19 -> CAM 13 | D41: =Configurações!$B$19 -> Câmera 13 | E41: =Configurações!$C$19 -> 0 | F41: Não verificado | G41: Não verificado | H41: Não verificado
A42: =DATE(Configurações!$B$3,6,2) -> 46175 | B42: =TEXT(A42,"ddd") -> ter | C42: =Configurações!$A$20 -> CAM 14 | D42: =Configurações!$B$20 -> Reserva/Futura 01 | E42: =Configurações!$C$20 -> 0 | F42: Não verificado | G42: Não verificado | H42: Não verificado
A43: =DATE(Configurações!$B$3,6,2) -> 46175 | B43: =TEXT(A43,"ddd") -> ter | C43: =Configurações!$A$21 -> CAM 15 | D43: =Configurações!$B$21 -> Reserva/Futura 02 | E43: =Configurações!$C$21 -> 0 | F43: Não verificado | G43: Não verificado | H43: Não verificado
A44: =DATE(Configurações!$B$3,6,2) -> 46175 | B44: =TEXT(A44,"ddd") -> ter | C44: =Configurações!$A$22 -> CAM 16 | D44: =Configurações!$B$22 -> Reserva/Futura 03 | E44: =Configurações!$C$22 -> 0 | F44: Não verificado | G44: Não verificado | H44: Não verificado
A45: =DATE(Configurações!$B$3,6,2) -> 46175 | B45: =TEXT(A45,"ddd") -> ter | C45: =Configurações!$A$23 -> CAM 17 | D45: =Configurações!$B$23 -> Reserva/Futura 04 | E45: =Configurações!$C$23 -> 0 | F45: Não verificado | G45: Não verificado | H45: Não verificado
A46: =DATE(Configurações!$B$3,6,2) -> 46175 | B46: =TEXT(A46,"ddd") -> ter | C46: =Configurações!$A$24 -> CAM 18 | D46: =Configurações!$B$24 -> Reserva/Futura 05 | E46: =Configurações!$C$24 -> 0 | F46: Não verificado | G46: Não verificado | H46: Não verificado
A47: =DATE(Configurações!$B$3,6,2) -> 46175 | B47: =TEXT(A47,"ddd") -> ter | C47: =Configurações!$A$25 -> CAM 19 | D47: =Configurações!$B$25 -> Reserva/Futura 06 | E47: =Configurações!$C$25 -> 0 | F47: Não verificado | G47: Não verificado | H47: Não verificado
A48: =DATE(Configurações!$B$3,6,2) -> 46175 | B48: =TEXT(A48,"ddd") -> ter | C48: =Configurações!$A$26 -> CAM 20 | D48: =Configurações!$B$26 -> Reserva/Futura 07 | E48: =Configurações!$C$26 -> 0 | F48: Não verificado | G48: Não verificado | H48: Não verificado
A49: =DATE(Configurações!$B$3,6,2) -> 46175 | B49: =TEXT(A49,"ddd") -> ter | C49: =Configurações!$A$27 -> CAM 21 | D49: =Configurações!$B$27 -> Reserva/Futura 08 | E49: =Configurações!$C$27 -> 0 | F49: Não verificado | G49: Não verificado | H49: Não verificado
A50: =DATE(Configurações!$B$3,6,2) -> 46175 | B50: =TEXT(A50,"ddd") -> ter | C50: =Configurações!$A$28 -> CAM 22 | D50: =Configurações!$B$28 -> Reserva/Futura 09 | E50: =Configurações!$C$28 -> 0 | F50: Não verificado | G50: Não verificado | H50: Não verificado
A51: =DATE(Configurações!$B$3,6,2) -> 46175 | B51: =TEXT(A51,"ddd") -> ter | C51: =Configurações!$A$29 -> CAM 23 | D51: =Configurações!$B$29 -> Reserva/Futura 10 | E51: =Configurações!$C$29 -> 0 | F51: Não verificado | G51: Não verificado | H51: Não verificado
A52: =DATE(Configurações!$B$3,6,3) -> 46176 | B52: =TEXT(A52,"ddd") -> qua | C52: =Configurações!$A$7 -> CAM 01 | D52: =Configurações!$B$7 -> BARU ANDES | E52: =Configurações!$C$7 -> 0 | F52: Não verificado | G52: Não verificado | H52: Não verificado
A53: =DATE(Configurações!$B$3,6,3) -> 46176 | B53: =TEXT(A53,"ddd") -> qua | C53: =Configurações!$A$8 -> CAM 02 | D53: =Configurações!$B$8 -> Câmera 02 | E53: =Configurações!$C$8 -> 0 | F53: Não verificado | G53: Não verificado | H53: Não verificado
A54: =DATE(Configurações!$B$3,6,3) -> 46176 | B54: =TEXT(A54,"ddd") -> qua | C54: =Configurações!$A$9 -> CAM 03 | D54: =Configurações!$B$9 -> Câmera 03 | E54: =Configurações!$C$9 -> 0 | F54: Não verificado | G54: Não verificado | H54: Não verificado
A55: =DATE(Configurações!$B$3,6,3) -> 46176 | B55: =TEXT(A55,"ddd") -> qua | C55: =Configurações!$A$10 -> CAM 04 | D55: =Configurações!$B$10 -> Câmera 04 | E55: =Configurações!$C$10 -> 0 | F55: Não verificado | G55: Não verificado | H55: Não verificado
A56: =DATE(Configurações!$B$3,6,3) -> 46176 | B56: =TEXT(A56,"ddd") -> qua | C56: =Configurações!$A$11 -> CAM 05 | D56: =Configurações!$B$11 -> Câmera 05 | E56: =Configurações!$C$11 -> 0 | F56: Não verificado | G56: Não verificado | H56: Não verificado
A57: =DATE(Configurações!$B$3,6,3) -> 46176 | B57: =TEXT(A57,"ddd") -> qua | C57: =Configurações!$A$12 -> CAM 06 | D57: =Configurações!$B$12 -> Câmera 06 | E57: =Configurações!$C$12 -> 0 | F57: Não verificado | G57: Não verificado | H57: Não verificado
A58: =DATE(Configurações!$B$3,6,3) -> 46176 | B58: =TEXT(A58,"ddd") -> qua | C58: =Configurações!$A$13 -> CAM 07 | D58: =Configurações!$B$13 -> Câmera 07 | E58: =Configurações!$C$13 -> 0 | F58: Não verificado | G58: Não verificado | H58: Não verificado
A59: =DATE(Configurações!$B$3,6,3) -> 46176 | B59: =TEXT(A59,"ddd") -> qua | C59: =Configurações!$A$14 -> CAM 08 | D59: =Configurações!$B$14 -> Câmera 08 | E59: =Configurações!$C$14 -> 0 | F59: Não verificado | G59: Não verificado | H59: Não verificado
A60: =DATE(Configurações!$B$3,6,3) -> 46176 | B60: =TEXT(A60,"ddd") -> qua | C60: =Configurações!$A$15 -> CAM 09 | D60: =Configurações!$B$15 -> Câmera 09 | E60: =Configurações!$C$15 -> 0 | F60: Não verificado | G60: Não verificado | H60: Não verificado
A61: =DATE(Configurações!$B$3,6,3) -> 46176 | B61: =TEXT(A61,"ddd") -> qua | C61: =Configurações!$A$16 -> CAM 10 | D61: =Configurações!$B$16 -> Câmera 10 | E61: =Configurações!$C$16 -> 0 | F61: Não verificado | G61: Não verificado | H61: Não verificado
A62: =DATE(Configurações!$B$3,6,3) -> 46176 | B62: =TEXT(A62,"ddd") -> qua | C62: =Configurações!$A$17 -> CAM 11 | D62: =Configurações!$B$17 -> Câmera 11 | E62: =Configurações!$C$17 -> 0 | F62: Não verificado | G62: Não verificado | H62: Não verificado
A63: =DATE(Configurações!$B$3,6,3) -> 46176 | B63: =TEXT(A63,"ddd") -> qua | C63: =Configurações!$A$18 -> CAM 12 | D63: =Configurações!$B$18 -> Câmera 12 | E63: =Configurações!$C$18 -> 0 | F63: Não verificado | G63: Não verificado | H63: Não verificado
A64: =DATE(Configurações!$B$3,6,3) -> 46176 | B64: =TEXT(A64,"ddd") -> qua | C64: =Configurações!$A$19 -> CAM 13 | D64: =Configurações!$B$19 -> Câmera 13 | E64: =Configurações!$C$19 -> 0 | F64: Não verificado | G64: Não verificado | H64: Não verificado
A65: =DATE(Configurações!$B$3,6,3) -> 46176 | B65: =TEXT(A65,"ddd") -> qua | C65: =Configurações!$A$20 -> CAM 14 | D65: =Configurações!$B$20 -> Reserva/Futura 01 | E65: =Configurações!$C$20 -> 0 | F65: Não verificado | G65: Não verificado | H65: Não verificado
A66: =DATE(Configurações!$B$3,6,3) -> 46176 | B66: =TEXT(A66,"ddd") -> qua | C66: =Configurações!$A$21 -> CAM 15 | D66: =Configurações!$B$21 -> Reserva/Futura 02 | E66: =Configurações!$C$21 -> 0 | F66: Não verificado | G66: Não verificado | H66: Não verificado
A67: =DATE(Configurações!$B$3,6,3) -> 46176 | B67: =TEXT(A67,"ddd") -> qua | C67: =Configurações!$A$22 -> CAM 16 | D67: =Configurações!$B$22 -> Reserva/Futura 03 | E67: =Configurações!$C$22 -> 0 | F67: Não verificado | G67: Não verificado | H67: Não verificado
A68: =DATE(Configurações!$B$3,6,3) -> 46176 | B68: =TEXT(A68,"ddd") -> qua | C68: =Configurações!$A$23 -> CAM 17 | D68: =Configurações!$B$23 -> Reserva/Futura 04 | E68: =Configurações!$C$23 -> 0 | F68: Não verificado | G68: Não verificado | H68: Não verificado
A69: =DATE(Configurações!$B$3,6,3) -> 46176 | B69: =TEXT(A69,"ddd") -> qua | C69: =Configurações!$A$24 -> CAM 18 | D69: =Configurações!$B$24 -> Reserva/Futura 05 | E69: =Configurações!$C$24 -> 0 | F69: Não verificado | G69: Não verificado | H69: Não verificado
A70: =DATE(Configurações!$B$3,6,3) -> 46176 | B70: =TEXT(A70,"ddd") -> qua | C70: =Configurações!$A$25 -> CAM 19 | D70: =Configurações!$B$25 -> Reserva/Futura 06 | E70: =Configurações!$C$25 -> 0 | F70: Não verificado | G70: Não verificado | H70: Não verificado
A71: =DATE(Configurações!$B$3,6,3) -> 46176 | B71: =TEXT(A71,"ddd") -> qua | C71: =Configurações!$A$26 -> CAM 20 | D71: =Configurações!$B$26 -> Reserva/Futura 07 | E71: =Configurações!$C$26 -> 0 | F71: Não verificado | G71: Não verificado | H71: Não verificado
A72: =DATE(Configurações!$B$3,6,3) -> 46176 | B72: =TEXT(A72,"ddd") -> qua | C72: =Configurações!$A$27 -> CAM 21 | D72: =Configurações!$B$27 -> Reserva/Futura 08 | E72: =Configurações!$C$27 -> 0 | F72: Não verificado | G72: Não verificado | H72: Não verificado
A73: =DATE(Configurações!$B$3,6,3) -> 46176 | B73: =TEXT(A73,"ddd") -> qua | C73: =Configurações!$A$28 -> CAM 22 | D73: =Configurações!$B$28 -> Reserva/Futura 09 | E73: =Configurações!$C$28 -> 0 | F73: Não verificado | G73: Não verificado | H73: Não verificado
A74: =DATE(Configurações!$B$3,6,3) -> 46176 | B74: =TEXT(A74,"ddd") -> qua | C74: =Configurações!$A$29 -> CAM 23 | D74: =Configurações!$B$29 -> Reserva/Futura 10 | E74: =Configurações!$C$29 -> 0 | F74: Não verificado | G74: Não verificado | H74: Não verificado
A75: =DATE(Configurações!$B$3,6,4) -> 46177 | B75: =TEXT(A75,"ddd") -> qui | C75: =Configurações!$A$7 -> CAM 01 | D75: =Configurações!$B$7 -> BARU ANDES | E75: =Configurações!$C$7 -> 0 | F75: Não verificado | G75: Não verificado | H75: Não verificado
A76: =DATE(Configurações!$B$3,6,4) -> 46177 | B76: =TEXT(A76,"ddd") -> qui | C76: =Configurações!$A$8 -> CAM 02 | D76: =Configurações!$B$8 -> Câmera 02 | E76: =Configurações!$C$8 -> 0 | F76: Não verificado | G76: Não verificado | H76: Não verificado
A77: =DATE(Configurações!$B$3,6,4) -> 46177 | B77: =TEXT(A77,"ddd") -> qui | C77: =Configurações!$A$9 -> CAM 03 | D77: =Configurações!$B$9 -> Câmera 03 | E77: =Configurações!$C$9 -> 0 | F77: Não verificado | G77: Não verificado | H77: Não verificado
A78: =DATE(Configurações!$B$3,6,4) -> 46177 | B78: =TEXT(A78,"ddd") -> qui | C78: =Configurações!$A$10 -> CAM 04 | D78: =Configurações!$B$10 -> Câmera 04 | E78: =Configurações!$C$10 -> 0 | F78: Não verificado | G78: Não verificado | H78: Não verificado
A79: =DATE(Configurações!$B$3,6,4) -> 46177 | B79: =TEXT(A79,"ddd") -> qui | C79: =Configurações!$A$11 -> CAM 05 | D79: =Configurações!$B$11 -> Câmera 05 | E79: =Configurações!$C$11 -> 0 | F79: Não verificado | G79: Não verificado | H79: Não verificado
A80: =DATE(Configurações!$B$3,6,4) -> 46177 | B80: =TEXT(A80,"ddd") -> qui | C80: =Configurações!$A$12 -> CAM 06 | D80: =Configurações!$B$12 -> Câmera 06 | E80: =Configurações!$C$12 -> 0 | F80: Não verificado | G80: Não verificado | H80: Não verificado
A81: =DATE(Configurações!$B$3,6,4) -> 46177 | B81: =TEXT(A81,"ddd") -> qui | C81: =Configurações!$A$13 -> CAM 07 | D81: =Configurações!$B$13 -> Câmera 07 | E81: =Configurações!$C$13 -> 0 | F81: Não verificado | G81: Não verificado | H81: Não verificado
A82: =DATE(Configurações!$B$3,6,4) -> 46177 | B82: =TEXT(A82,"ddd") -> qui | C82: =Configurações!$A$14 -> CAM 08 | D82: =Configurações!$B$14 -> Câmera 08 | E82: =Configurações!$C$14 -> 0 | F82: Não verificado | G82: Não verificado | H82: Não verificado
A83: =DATE(Configurações!$B$3,6,4) -> 46177 | B83: =TEXT(A83,"ddd") -> qui | C83: =Configurações!$A$15 -> CAM 09 | D83: =Configurações!$B$15 -> Câmera 09 | E83: =Configurações!$C$15 -> 0 | F83: Não verificado | G83: Não verificado | H83: Não verificado
A84: =DATE(Configurações!$B$3,6,4) -> 46177 | B84: =TEXT(A84,"ddd") -> qui | C84: =Configurações!$A$16 -> CAM 10 | D84: =Configurações!$B$16 -> Câmera 10 | E84: =Configurações!$C$16 -> 0 | F84: Não verificado | G84: Não verificado | H84: Não verificado
A85: =DATE(Configurações!$B$3,6,4) -> 46177 | B85: =TEXT(A85,"ddd") -> qui | C85: =Configurações!$A$17 -> CAM 11 | D85: =Configurações!$B$17 -> Câmera 11 | E85: =Configurações!$C$17 -> 0 | F85: Não verificado | G85: Não verificado | H85: Não verificado
A86: =DATE(Configurações!$B$3,6,4) -> 46177 | B86: =TEXT(A86,"ddd") -> qui | C86: =Configurações!$A$18 -> CAM 12 | D86: =Configurações!$B$18 -> Câmera 12 | E86: =Configurações!$C$18 -> 0 | F86: Não verificado | G86: Não verificado | H86: Não verificado
A87: =DATE(Configurações!$B$3,6,4) -> 46177 | B87: =TEXT(A87,"ddd") -> qui | C87: =Configurações!$A$19 -> CAM 13 | D87: =Configurações!$B$19 -> Câmera 13 | E87: =Configurações!$C$19 -> 0 | F87: Não verificado | G87: Não verificado | H87: Não verificado
A88: =DATE(Configurações!$B$3,6,4) -> 46177 | B88: =TEXT(A88,"ddd") -> qui | C88: =Configurações!$A$20 -> CAM 14 | D88: =Configurações!$B$20 -> Reserva/Futura 01 | E88: =Configurações!$C$20 -> 0 | F88: Não verificado | G88: Não verificado | H88: Não verificado
A89: =DATE(Configurações!$B$3,6,4) -> 46177 | B89: =TEXT(A89,"ddd") -> qui | C89: =Configurações!$A$21 -> CAM 15 | D89: =Configurações!$B$21 -> Reserva/Futura 02 | E89: =Configurações!$C$21 -> 0 | F89: Não verificado | G89: Não verificado | H89: Não verificado
A90: =DATE(Configurações!$B$3,6,4) -> 46177 | B90: =TEXT(A90,"ddd") -> qui | C90: =Configurações!$A$22 -> CAM 16 | D90: =Configurações!$B$22 -> Reserva/Futura 03 | E90: =Configurações!$C$22 -> 0 | F90: Não verificado | G90: Não verificado | H90: Não verificado
A91: =DATE(Configurações!$B$3,6,4) -> 46177 | B91: =TEXT(A91,"ddd") -> qui | C91: =Configurações!$A$23 -> CAM 17 | D91: =Configurações!$B$23 -> Reserva/Futura 04 | E91: =Configurações!$C$23 -> 0 | F91: Não verificado | G91: Não verificado | H91: Não verificado
A92: =DATE(Configurações!$B$3,6,4) -> 46177 | B92: =TEXT(A92,"ddd") -> qui | C92: =Configurações!$A$24 -> CAM 18 | D92: =Configurações!$B$24 -> Reserva/Futura 05 | E92: =Configurações!$C$24 -> 0 | F92: Não verificado | G92: Não verificado | H92: Não verificado
A93: =DATE(Configurações!$B$3,6,4) -> 46177 | B93: =TEXT(A93,"ddd") -> qui | C93: =Configurações!$A$25 -> CAM 19 | D93: =Configurações!$B$25 -> Reserva/Futura 06 | E93: =Configurações!$C$25 -> 0 | F93: Não verificado | G93: Não verificado | H93: Não verificado
A94: =DATE(Configurações!$B$3,6,4) -> 46177 | B94: =TEXT(A94,"ddd") -> qui | C94: =Configurações!$A$26 -> CAM 20 | D94: =Configurações!$B$26 -> Reserva/Futura 07 | E94: =Configurações!$C$26 -> 0 | F94: Não verificado | G94: Não verificado | H94: Não verificado
A95: =DATE(Configurações!$B$3,6,4) -> 46177 | B95: =TEXT(A95,"ddd") -> qui | C95: =Configurações!$A$27 -> CAM 21 | D95: =Configurações!$B$27 -> Reserva/Futura 08 | E95: =Configurações!$C$27 -> 0 | F95: Não verificado | G95: Não verificado | H95: Não verificado
A96: =DATE(Configurações!$B$3,6,4) -> 46177 | B96: =TEXT(A96,"ddd") -> qui | C96: =Configurações!$A$28 -> CAM 22 | D96: =Configurações!$B$28 -> Reserva/Futura 09 | E96: =Configurações!$C$28 -> 0 | F96: Não verificado | G96: Não verificado | H96: Não verificado
A97: =DATE(Configurações!$B$3,6,4) -> 46177 | B97: =TEXT(A97,"ddd") -> qui | C97: =Configurações!$A$29 -> CAM 23 | D97: =Configurações!$B$29 -> Reserva/Futura 10 | E97: =Configurações!$C$29 -> 0 | F97: Não verificado | G97: Não verificado | H97: Não verificado
A98: =DATE(Configurações!$B$3,6,5) -> 46178 | B98: =TEXT(A98,"ddd") -> sex | C98: =Configurações!$A$7 -> CAM 01 | D98: =Configurações!$B$7 -> BARU ANDES | E98: =Configurações!$C$7 -> 0 | F98: Não verificado | G98: Não verificado | H98: Não verificado
A99: =DATE(Configurações!$B$3,6,5) -> 46178 | B99: =TEXT(A99,"ddd") -> sex | C99: =Configurações!$A$8 -> CAM 02 | D99: =Configurações!$B$8 -> Câmera 02 | E99: =Configurações!$C$8 -> 0 | F99: Não verificado | G99: Não verificado | H99: Não verificado
A100: =DATE(Configurações!$B$3,6,5) -> 46178 | B100: =TEXT(A100,"ddd") -> sex | C100: =Configurações!$A$9 -> CAM 03 | D100: =Configurações!$B$9 -> Câmera 03 | E100: =Configurações!$C$9 -> 0 | F100: Não verificado | G100: Não verificado | H100: Não verificado
A101: =DATE(Configurações!$B$3,6,5) -> 46178 | B101: =TEXT(A101,"ddd") -> sex | C101: =Configurações!$A$10 -> CAM 04 | D101: =Configurações!$B$10 -> Câmera 04 | E101: =Configurações!$C$10 -> 0 | F101: Não verificado | G101: Não verificado | H101: Não verificado
...

Sheet Julho
A1: CONTROLE DE MONITORAMENTO DE CÂMERAS - JULHO
A2: Status por horário: Online / Offline / Manutenção / Não verificado. Campo livre para evento técnico e comportamento do colaborador.
M4: RESUMO DO MÊS
A5: Data | B5: Dia | C5: ID | D5: Nome da Câmera | E5: Embarcação/Local | F5: 10:00 | G5: 13:00 | H5: 16:00 | I5: Evento Técnico Online/Offline | J5: Comportamento do Colaborador | K5: Responsável | M5: Indicador | N5: Total | O5: % | P5: Meta | Q5: Observação
A6: =DATE(Configurações!$B$3,7,1) -> 46204 | B6: =TEXT(A6,"ddd") -> qua | C6: =Configurações!$A$7 -> CAM 01 | D6: =Configurações!$B$7 -> BARU ANDES | E6: =Configurações!$C$7 -> 0 | F6: Não verificado | G6: Não verificado | H6: Não verificado | M6: Online | N6: =COUNTIF(F6:H718,"Online") -> 0 | O6: =IFERROR(N6/(N6+N7+N8),0) -> 0 | P6: >=95%
A7: =DATE(Configurações!$B$3,7,1) -> 46204 | B7: =TEXT(A7,"ddd") -> qua | C7: =Configurações!$A$8 -> CAM 02 | D7: =Configurações!$B$8 -> Câmera 02 | E7: =Configurações!$C$8 -> 0 | F7: Não verificado | G7: Não verificado | H7: Não verificado | M7: Offline | N7: =COUNTIF(F6:H718,"Offline") -> 0 | O7: =IFERROR(N7/(N6+N7+N8),0) -> 0 | P7: <=5%
A8: =DATE(Configurações!$B$3,7,1) -> 46204 | B8: =TEXT(A8,"ddd") -> qua | C8: =Configurações!$A$9 -> CAM 03 | D8: =Configurações!$B$9 -> Câmera 03 | E8: =Configurações!$C$9 -> 0 | F8: Não verificado | G8: Não verificado | H8: Não verificado | M8: Manutenção | N8: =COUNTIF(F6:H718,"Manutenção") -> 0 | O8: =IFERROR(N8/(N6+N7+N8),0) -> 0
A9: =DATE(Configurações!$B$3,7,1) -> 46204 | B9: =TEXT(A9,"ddd") -> qua | C9: =Configurações!$A$10 -> CAM 04 | D9: =Configurações!$B$10 -> Câmera 04 | E9: =Configurações!$C$10 -> 0 | F9: Não verificado | G9: Não verificado | H9: Não verificado | M9: Não verificado | N9: =COUNTIF(F6:H718,"Não verificado") -> 2139 | O9: =IFERROR(N9/(N6+N7+N8+N9),0) -> 1 | P9: zerar no fechamento
A10: =DATE(Configurações!$B$3,7,1) -> 46204 | B10: =TEXT(A10,"ddd") -> qua | C10: =Configurações!$A$11 -> CAM 05 | D10: =Configurações!$B$11 -> Câmera 05 | E10: =Configurações!$C$11 -> 0 | F10: Não verificado | G10: Não verificado | H10: Não verificado | M10: Eventos registrados | N10: =COUNTA(I6:J718) -> 0
A11: =DATE(Configurações!$B$3,7,1) -> 46204 | B11: =TEXT(A11,"ddd") -> qua | C11: =Configurações!$A$12 -> CAM 06 | D11: =Configurações!$B$12 -> Câmera 06 | E11: =Configurações!$C$12 -> 0 | F11: Não verificado | G11: Não verificado | H11: Não verificado
A12: =DATE(Configurações!$B$3,7,1) -> 46204 | B12: =TEXT(A12,"ddd") -> qua | C12: =Configurações!$A$13 -> CAM 07 | D12: =Configurações!$B$13 -> Câmera 07 | E12: =Configurações!$C$13 -> 0 | F12: Não verificado | G12: Não verificado | H12: Não verificado
A13: =DATE(Configurações!$B$3,7,1) -> 46204 | B13: =TEXT(A13,"ddd") -> qua | C13: =Configurações!$A$14 -> CAM 08 | D13: =Configurações!$B$14 -> Câmera 08 | E13: =Configurações!$C$14 -> 0 | F13: Não verificado | G13: Não verificado | H13: Não verificado
A14: =DATE(Configurações!$B$3,7,1) -> 46204 | B14: =TEXT(A14,"ddd") -> qua | C14: =Configurações!$A$15 -> CAM 09 | D14: =Configurações!$B$15 -> Câmera 09 | E14: =Configurações!$C$15 -> 0 | F14: Não verificado | G14: Não verificado | H14: Não verificado
A15: =DATE(Configurações!$B$3,7,1) -> 46204 | B15: =TEXT(A15,"ddd") -> qua | C15: =Configurações!$A$16 -> CAM 10 | D15: =Configurações!$B$16 -> Câmera 10 | E15: =Configurações!$C$16 -> 0 | F15: Não verificado | G15: Não verificado | H15: Não verificado
A16: =DATE(Configurações!$B$3,7,1) -> 46204 | B16: =TEXT(A16,"ddd") -> qua | C16: =Configurações!$A$17 -> CAM 11 | D16: =Configurações!$B$17 -> Câmera 11 | E16: =Configurações!$C$17 -> 0 | F16: Não verificado | G16: Não verificado | H16: Não verificado
A17: =DATE(Configurações!$B$3,7,1) -> 46204 | B17: =TEXT(A17,"ddd") -> qua | C17: =Configurações!$A$18 -> CAM 12 | D17: =Configurações!$B$18 -> Câmera 12 | E17: =Configurações!$C$18 -> 0 | F17: Não verificado | G17: Não verificado | H17: Não verificado
A18: =DATE(Configurações!$B$3,7,1) -> 46204 | B18: =TEXT(A18,"ddd") -> qua | C18: =Configurações!$A$19 -> CAM 13 | D18: =Configurações!$B$19 -> Câmera 13 | E18: =Configurações!$C$19 -> 0 | F18: Não verificado | G18: Não verificado | H18: Não verificado
A19: =DATE(Configurações!$B$3,7,1) -> 46204 | B19: =TEXT(A19,"ddd") -> qua | C19: =Configurações!$A$20 -> CAM 14 | D19: =Configurações!$B$20 -> Reserva/Futura 01 | E19: =Configurações!$C$20 -> 0 | F19: Não verificado | G19: Não verificado | H19: Não verificado
A20: =DATE(Configurações!$B$3,7,1) -> 46204 | B20: =TEXT(A20,"ddd") -> qua | C20: =Configurações!$A$21 -> CAM 15 | D20: =Configurações!$B$21 -> Reserva/Futura 02 | E20: =Configurações!$C$21 -> 0 | F20: Não verificado | G20: Não verificado | H20: Não verificado
A21: =DATE(Configurações!$B$3,7,1) -> 46204 | B21: =TEXT(A21,"ddd") -> qua | C21: =Configurações!$A$22 -> CAM 16 | D21: =Configurações!$B$22 -> Reserva/Futura 03 | E21: =Configurações!$C$22 -> 0 | F21: Não verificado | G21: Não verificado | H21: Não verificado
A22: =DATE(Configurações!$B$3,7,1) -> 46204 | B22: =TEXT(A22,"ddd") -> qua | C22: =Configurações!$A$23 -> CAM 17 | D22: =Configurações!$B$23 -> Reserva/Futura 04 | E22: =Configurações!$C$23 -> 0 | F22: Não verificado | G22: Não verificado | H22: Não verificado
A23: =DATE(Configurações!$B$3,7,1) -> 46204 | B23: =TEXT(A23,"ddd") -> qua | C23: =Configurações!$A$24 -> CAM 18 | D23: =Configurações!$B$24 -> Reserva/Futura 05 | E23: =Configurações!$C$24 -> 0 | F23: Não verificado | G23: Não verificado | H23: Não verificado
A24: =DATE(Configurações!$B$3,7,1) -> 46204 | B24: =TEXT(A24,"ddd") -> qua | C24: =Configurações!$A$25 -> CAM 19 | D24: =Configurações!$B$25 -> Reserva/Futura 06 | E24: =Configurações!$C$25 -> 0 | F24: Não verificado | G24: Não verificado | H24: Não verificado
A25: =DATE(Configurações!$B$3,7,1) -> 46204 | B25: =TEXT(A25,"ddd") -> qua | C25: =Configurações!$A$26 -> CAM 20 | D25: =Configurações!$B$26 -> Reserva/Futura 07 | E25: =Configurações!$C$26 -> 0 | F25: Não verificado | G25: Não verificado | H25: Não verificado
A26: =DATE(Configurações!$B$3,7,1) -> 46204 | B26: =TEXT(A26,"ddd") -> qua | C26: =Configurações!$A$27 -> CAM 21 | D26: =Configurações!$B$27 -> Reserva/Futura 08 | E26: =Configurações!$C$27 -> 0 | F26: Não verificado | G26: Não verificado | H26: Não verificado
A27: =DATE(Configurações!$B$3,7,1) -> 46204 | B27: =TEXT(A27,"ddd") -> qua | C27: =Configurações!$A$28 -> CAM 22 | D27: =Configurações!$B$28 -> Reserva/Futura 09 | E27: =Configurações!$C$28 -> 0 | F27: Não verificado | G27: Não verificado | H27: Não verificado
A28: =DATE(Configurações!$B$3,7,1) -> 46204 | B28: =TEXT(A28,"ddd") -> qua | C28: =Configurações!$A$29 -> CAM 23 | D28: =Configurações!$B$29 -> Reserva/Futura 10 | E28: =Configurações!$C$29 -> 0 | F28: Não verificado | G28: Não verificado | H28: Não verificado
A29: =DATE(Configurações!$B$3,7,2) -> 46205 | B29: =TEXT(A29,"ddd") -> qui | C29: =Configurações!$A$7 -> CAM 01 | D29: =Configurações!$B$7 -> BARU ANDES | E29: =Configurações!$C$7 -> 0 | F29: Não verificado | G29: Não verificado | H29: Não verificado
A30: =DATE(Configurações!$B$3,7,2) -> 46205 | B30: =TEXT(A30,"ddd") -> qui | C30: =Configurações!$A$8 -> CAM 02 | D30: =Configurações!$B$8 -> Câmera 02 | E30: =Configurações!$C$8 -> 0 | F30: Não verificado | G30: Não verificado | H30: Não verificado
A31: =DATE(Configurações!$B$3,7,2) -> 46205 | B31: =TEXT(A31,"ddd") -> qui | C31: =Configurações!$A$9 -> CAM 03 | D31: =Configurações!$B$9 -> Câmera 03 | E31: =Configurações!$C$9 -> 0 | F31: Não verificado | G31: Não verificado | H31: Não verificado
A32: =DATE(Configurações!$B$3,7,2) -> 46205 | B32: =TEXT(A32,"ddd") -> qui | C32: =Configurações!$A$10 -> CAM 04 | D32: =Configurações!$B$10 -> Câmera 04 | E32: =Configurações!$C$10 -> 0 | F32: Não verificado | G32: Não verificado | H32: Não verificado
A33: =DATE(Configurações!$B$3,7,2) -> 46205 | B33: =TEXT(A33,"ddd") -> qui | C33: =Configurações!$A$11 -> CAM 05 | D33: =Configurações!$B$11 -> Câmera 05 | E33: =Configurações!$C$11 -> 0 | F33: Não verificado | G33: Não verificado | H33: Não verificado
A34: =DATE(Configurações!$B$3,7,2) -> 46205 | B34: =TEXT(A34,"ddd") -> qui | C34: =Configurações!$A$12 -> CAM 06 | D34: =Configurações!$B$12 -> Câmera 06 | E34: =Configurações!$C$12 -> 0 | F34: Não verificado | G34: Não verificado | H34: Não verificado
A35: =DATE(Configurações!$B$3,7,2) -> 46205 | B35: =TEXT(A35,"ddd") -> qui | C35: =Configurações!$A$13 -> CAM 07 | D35: =Configurações!$B$13 -> Câmera 07 | E35: =Configurações!$C$13 -> 0 | F35: Não verificado | G35: Não verificado | H35: Não verificado
A36: =DATE(Configurações!$B$3,7,2) -> 46205 | B36: =TEXT(A36,"ddd") -> qui | C36: =Configurações!$A$14 -> CAM 08 | D36: =Configurações!$B$14 -> Câmera 08 | E36: =Configurações!$C$14 -> 0 | F36: Não verificado | G36: Não verificado | H36: Não verificado
A37: =DATE(Configurações!$B$3,7,2) -> 46205 | B37: =TEXT(A37,"ddd") -> qui | C37: =Configurações!$A$15 -> CAM 09 | D37: =Configurações!$B$15 -> Câmera 09 | E37: =Configurações!$C$15 -> 0 | F37: Não verificado | G37: Não verificado | H37: Não verificado
A38: =DATE(Configurações!$B$3,7,2) -> 46205 | B38: =TEXT(A38,"ddd") -> qui | C38: =Configurações!$A$16 -> CAM 10 | D38: =Configurações!$B$16 -> Câmera 10 | E38: =Configurações!$C$16 -> 0 | F38: Não verificado | G38: Não verificado | H38: Não verificado
A39: =DATE(Configurações!$B$3,7,2) -> 46205 | B39: =TEXT(A39,"ddd") -> qui | C39: =Configurações!$A$17 -> CAM 11 | D39: =Configurações!$B$17 -> Câmera 11 | E39: =Configurações!$C$17 -> 0 | F39: Não verificado | G39: Não verificado | H39: Não verificado
A40: =DATE(Configurações!$B$3,7,2) -> 46205 | B40: =TEXT(A40,"ddd") -> qui | C40: =Configurações!$A$18 -> CAM 12 | D40: =Configurações!$B$18 -> Câmera 12 | E40: =Configurações!$C$18 -> 0 | F40: Não verificado | G40: Não verificado | H40: Não verificado
A41: =DATE(Configurações!$B$3,7,2) -> 46205 | B41: =TEXT(A41,"ddd") -> qui | C41: =Configurações!$A$19 -> CAM 13 | D41: =Configurações!$B$19 -> Câmera 13 | E41: =Configurações!$C$19 -> 0 | F41: Não verificado | G41: Não verificado | H41: Não verificado
A42: =DATE(Configurações!$B$3,7,2) -> 46205 | B42: =TEXT(A42,"ddd") -> qui | C42: =Configurações!$A$20 -> CAM 14 | D42: =Configurações!$B$20 -> Reserva/Futura 01 | E42: =Configurações!$C$20 -> 0 | F42: Não verificado | G42: Não verificado | H42: Não verificado
A43: =DATE(Configurações!$B$3,7,2) -> 46205 | B43: =TEXT(A43,"ddd") -> qui | C43: =Configurações!$A$21 -> CAM 15 | D43: =Configurações!$B$21 -> Reserva/Futura 02 | E43: =Configurações!$C$21 -> 0 | F43: Não verificado | G43: Não verificado | H43: Não verificado
A44: =DATE(Configurações!$B$3,7,2) -> 46205 | B44: =TEXT(A44,"ddd") -> qui | C44: =Configurações!$A$22 -> CAM 16 | D44: =Configurações!$B$22 -> Reserva/Futura 03 | E44: =Configurações!$C$22 -> 0 | F44: Não verificado | G44: Não verificado | H44: Não verificado
A45: =DATE(Configurações!$B$3,7,2) -> 46205 | B45: =TEXT(A45,"ddd") -> qui | C45: =Configurações!$A$23 -> CAM 17 | D45: =Configurações!$B$23 -> Reserva/Futura 04 | E45: =Configurações!$C$23 -> 0 | F45: Não verificado | G45: Não verificado | H45: Não verificado
A46: =DATE(Configurações!$B$3,7,2) -> 46205 | B46: =TEXT(A46,"ddd") -> qui | C46: =Configurações!$A$24 -> CAM 18 | D46: =Configurações!$B$24 -> Reserva/Futura 05 | E46: =Configurações!$C$24 -> 0 | F46: Não verificado | G46: Não verificado | H46: Não verificado
A47: =DATE(Configurações!$B$3,7,2) -> 46205 | B47: =TEXT(A47,"ddd") -> qui | C47: =Configurações!$A$25 -> CAM 19 | D47: =Configurações!$B$25 -> Reserva/Futura 06 | E47: =Configurações!$C$25 -> 0 | F47: Não verificado | G47: Não verificado | H47: Não verificado
A48: =DATE(Configurações!$B$3,7,2) -> 46205 | B48: =TEXT(A48,"ddd") -> qui | C48: =Configurações!$A$26 -> CAM 20 | D48: =Configurações!$B$26 -> Reserva/Futura 07 | E48: =Configurações!$C$26 -> 0 | F48: Não verificado | G48: Não verificado | H48: Não verificado
A49: =DATE(Configurações!$B$3,7,2) -> 46205 | B49: =TEXT(A49,"ddd") -> qui | C49: =Configurações!$A$27 -> CAM 21 | D49: =Configurações!$B$27 -> Reserva/Futura 08 | E49: =Configurações!$C$27 -> 0 | F49: Não verificado | G49: Não verificado | H49: Não verificado
A50: =DATE(Configurações!$B$3,7,2) -> 46205 | B50: =TEXT(A50,"ddd") -> qui | C50: =Configurações!$A$28 -> CAM 22 | D50: =Configurações!$B$28 -> Reserva/Futura 09 | E50: =Configurações!$C$28 -> 0 | F50: Não verificado | G50: Não verificado | H50: Não verificado
A51: =DATE(Configurações!$B$3,7,2) -> 46205 | B51: =TEXT(A51,"ddd") -> qui | C51: =Configurações!$A$29 -> CAM 23 | D51: =Configurações!$B$29 -> Reserva/Futura 10 | E51: =Configurações!$C$29 -> 0 | F51: Não verificado | G51: Não verificado | H51: Não verificado
A52: =DATE(Configurações!$B$3,7,3) -> 46206 | B52: =TEXT(A52,"ddd") -> sex | C52: =Configurações!$A$7 -> CAM 01 | D52: =Configurações!$B$7 -> BARU ANDES | E52: =Configurações!$C$7 -> 0 | F52: Não verificado | G52: Não verificado | H52: Não verificado
A53: =DATE(Configurações!$B$3,7,3) -> 46206 | B53: =TEXT(A53,"ddd") -> sex | C53: =Configurações!$A$8 -> CAM 02 | D53: =Configurações!$B$8 -> Câmera 02 | E53: =Configurações!$C$8 -> 0 | F53: Não verificado | G53: Não verificado | H53: Não verificado
A54: =DATE(Configurações!$B$3,7,3) -> 46206 | B54: =TEXT(A54,"ddd") -> sex | C54: =Configurações!$A$9 -> CAM 03 | D54: =Configurações!$B$9 -> Câmera 03 | E54: =Configurações!$C$9 -> 0 | F54: Não verificado | G54: Não verificado | H54: Não verificado
A55: =DATE(Configurações!$B$3,7,3) -> 46206 | B55: =TEXT(A55,"ddd") -> sex | C55: =Configurações!$A$10 -> CAM 04 | D55: =Configurações!$B$10 -> Câmera 04 | E55: =Configurações!$C$10 -> 0 | F55: Não verificado | G55: Não verificado | H55: Não verificado
A56: =DATE(Configurações!$B$3,7,3) -> 46206 | B56: =TEXT(A56,"ddd") -> sex | C56: =Configurações!$A$11 -> CAM 05 | D56: =Configurações!$B$11 -> Câmera 05 | E56: =Configurações!$C$11 -> 0 | F56: Não verificado | G56: Não verificado | H56: Não verificado
A57: =DATE(Configurações!$B$3,7,3) -> 46206 | B57: =TEXT(A57,"ddd") -> sex | C57: =Configurações!$A$12 -> CAM 06 | D57: =Configurações!$B$12 -> Câmera 06 | E57: =Configurações!$C$12 -> 0 | F57: Não verificado | G57: Não verificado | H57: Não verificado
A58: =DATE(Configurações!$B$3,7,3) -> 46206 | B58: =TEXT(A58,"ddd") -> sex | C58: =Configurações!$A$13 -> CAM 07 | D58: =Configurações!$B$13 -> Câmera 07 | E58: =Configurações!$C$13 -> 0 | F58: Não verificado | G58: Não verificado | H58: Não verificado
A59: =DATE(Configurações!$B$3,7,3) -> 46206 | B59: =TEXT(A59,"ddd") -> sex | C59: =Configurações!$A$14 -> CAM 08 | D59: =Configurações!$B$14 -> Câmera 08 | E59: =Configurações!$C$14 -> 0 | F59: Não verificado | G59: Não verificado | H59: Não verificado
A60: =DATE(Configurações!$B$3,7,3) -> 46206 | B60: =TEXT(A60,"ddd") -> sex | C60: =Configurações!$A$15 -> CAM 09 | D60: =Configurações!$B$15 -> Câmera 09 | E60: =Configurações!$C$15 -> 0 | F60: Não verificado | G60: Não verificado | H60: Não verificado
A61: =DATE(Configurações!$B$3,7,3) -> 46206 | B61: =TEXT(A61,"ddd") -> sex | C61: =Configurações!$A$16 -> CAM 10 | D61: =Configurações!$B$16 -> Câmera 10 | E61: =Configurações!$C$16 -> 0 | F61: Não verificado | G61: Não verificado | H61: Não verificado
A62: =DATE(Configurações!$B$3,7,3) -> 46206 | B62: =TEXT(A62,"ddd") -> sex | C62: =Configurações!$A$17 -> CAM 11 | D62: =Configurações!$B$17 -> Câmera 11 | E62: =Configurações!$C$17 -> 0 | F62: Não verificado | G62: Não verificado | H62: Não verificado
A63: =DATE(Configurações!$B$3,7,3) -> 46206 | B63: =TEXT(A63,"ddd") -> sex | C63: =Configurações!$A$18 -> CAM 12 | D63: =Configurações!$B$18 -> Câmera 12 | E63: =Configurações!$C$18 -> 0 | F63: Não verificado | G63: Não verificado | H63: Não verificado
A64: =DATE(Configurações!$B$3,7,3) -> 46206 | B64: =TEXT(A64,"ddd") -> sex | C64: =Configurações!$A$19 -> CAM 13 | D64: =Configurações!$B$19 -> Câmera 13 | E64: =Configurações!$C$19 -> 0 | F64: Não verificado | G64: Não verificado | H64: Não verificado
A65: =DATE(Configurações!$B$3,7,3) -> 46206 | B65: =TEXT(A65,"ddd") -> sex | C65: =Configurações!$A$20 -> CAM 14 | D65: =Configurações!$B$20 -> Reserva/Futura 01 | E65: =Configurações!$C$20 -> 0 | F65: Não verificado | G65: Não verificado | H65: Não verificado
A66: =DATE(Configurações!$B$3,7,3) -> 46206 | B66: =TEXT(A66,"ddd") -> sex | C66: =Configurações!$A$21 -> CAM 15 | D66: =Configurações!$B$21 -> Reserva/Futura 02 | E66: =Configurações!$C$21 -> 0 | F66: Não verificado | G66: Não verificado | H66: Não verificado
A67: =DATE(Configurações!$B$3,7,3) -> 46206 | B67: =TEXT(A67,"ddd") -> sex | C67: =Configurações!$A$22 -> CAM 16 | D67: =Configurações!$B$22 -> Reserva/Futura 03 | E67: =Configurações!$C$22 -> 0 | F67: Não verificado | G67: Não verificado | H67: Não verificado
A68: =DATE(Configurações!$B$3,7,3) -> 46206 | B68: =TEXT(A68,"ddd") -> sex | C68: =Configurações!$A$23 -> CAM 17 | D68: =Configurações!$B$23 -> Reserva/Futura 04 | E68: =Configurações!$C$23 -> 0 | F68: Não verificado | G68: Não verificado | H68: Não verificado
A69: =DATE(Configurações!$B$3,7,3) -> 46206 | B69: =TEXT(A69,"ddd") -> sex | C69: =Configurações!$A$24 -> CAM 18 | D69: =Configurações!$B$24 -> Reserva/Futura 05 | E69: =Configurações!$C$24 -> 0 | F69: Não verificado | G69: Não verificado | H69: Não verificado
A70: =DATE(Configurações!$B$3,7,3) -> 46206 | B70: =TEXT(A70,"ddd") -> sex | C70: =Configurações!$A$25 -> CAM 19 | D70: =Configurações!$B$25 -> Reserva/Futura 06 | E70: =Configurações!$C$25 -> 0 | F70: Não verificado | G70: Não verificado | H70: Não verificado
A71: =DATE(Configurações!$B$3,7,3) -> 46206 | B71: =TEXT(A71,"ddd") -> sex | C71: =Configurações!$A$26 -> CAM 20 | D71: =Configurações!$B$26 -> Reserva/Futura 07 | E71: =Configurações!$C$26 -> 0 | F71: Não verificado | G71: Não verificado | H71: Não verificado
A72: =DATE(Configurações!$B$3,7,3) -> 46206 | B72: =TEXT(A72,"ddd") -> sex | C72: =Configurações!$A$27 -> CAM 21 | D72: =Configurações!$B$27 -> Reserva/Futura 08 | E72: =Configurações!$C$27 -> 0 | F72: Não verificado | G72: Não verificado | H72: Não verificado
A73: =DATE(Configurações!$B$3,7,3) -> 46206 | B73: =TEXT(A73,"ddd") -> sex | C73: =Configurações!$A$28 -> CAM 22 | D73: =Configurações!$B$28 -> Reserva/Futura 09 | E73: =Configurações!$C$28 -> 0 | F73: Não verificado | G73: Não verificado | H73: Não verificado
A74: =DATE(Configurações!$B$3,7,3) -> 46206 | B74: =TEXT(A74,"ddd") -> sex | C74: =Configurações!$A$29 -> CAM 23 | D74: =Configurações!$B$29 -> Reserva/Futura 10 | E74: =Configurações!$C$29 -> 0 | F74: Não verificado | G74: Não verificado | H74: Não verificado
A75: =DATE(Configurações!$B$3,7,4) -> 46207 | B75: =TEXT(A75,"ddd") -> sáb | C75: =Configurações!$A$7 -> CAM 01 | D75: =Configurações!$B$7 -> BARU ANDES | E75: =Configurações!$C$7 -> 0 | F75: Não verificado | G75: Não verificado | H75: Não verificado
A76: =DATE(Configurações!$B$3,7,4) -> 46207 | B76: =TEXT(A76,"ddd") -> sáb | C76: =Configurações!$A$8 -> CAM 02 | D76: =Configurações!$B$8 -> Câmera 02 | E76: =Configurações!$C$8 -> 0 | F76: Não verificado | G76: Não verificado | H76: Não verificado
A77: =DATE(Configurações!$B$3,7,4) -> 46207 | B77: =TEXT(A77,"ddd") -> sáb | C77: =Configurações!$A$9 -> CAM 03 | D77: =Configurações!$B$9 -> Câmera 03 | E77: =Configurações!$C$9 -> 0 | F77: Não verificado | G77: Não verificado | H77: Não verificado
A78: =DATE(Configurações!$B$3,7,4) -> 46207 | B78: =TEXT(A78,"ddd") -> sáb | C78: =Configurações!$A$10 -> CAM 04 | D78: =Configurações!$B$10 -> Câmera 04 | E78: =Configurações!$C$10 -> 0 | F78: Não verificado | G78: Não verificado | H78: Não verificado
A79: =DATE(Configurações!$B$3,7,4) -> 46207 | B79: =TEXT(A79,"ddd") -> sáb | C79: =Configurações!$A$11 -> CAM 05 | D79: =Configurações!$B$11 -> Câmera 05 | E79: =Configurações!$C$11 -> 0 | F79: Não verificado | G79: Não verificado | H79: Não verificado
A80: =DATE(Configurações!$B$3,7,4) -> 46207 | B80: =TEXT(A80,"ddd") -> sáb | C80: =Configurações!$A$12 -> CAM 06 | D80: =Configurações!$B$12 -> Câmera 06 | E80: =Configurações!$C$12 -> 0 | F80: Não verificado | G80: Não verificado | H80: Não verificado
A81: =DATE(Configurações!$B$3,7,4) -> 46207 | B81: =TEXT(A81,"ddd") -> sáb | C81: =Configurações!$A$13 -> CAM 07 | D81: =Configurações!$B$13 -> Câmera 07 | E81: =Configurações!$C$13 -> 0 | F81: Não verificado | G81: Não verificado | H81: Não verificado
A82: =DATE(Configurações!$B$3,7,4) -> 46207 | B82: =TEXT(A82,"ddd") -> sáb | C82: =Configurações!$A$14 -> CAM 08 | D82: =Configurações!$B$14 -> Câmera 08 | E82: =Configurações!$C$14 -> 0 | F82: Não verificado | G82: Não verificado | H82: Não verificado
A83: =DATE(Configurações!$B$3,7,4) -> 46207 | B83: =TEXT(A83,"ddd") -> sáb | C83: =Configurações!$A$15 -> CAM 09 | D83: =Configurações!$B$15 -> Câmera 09 | E83: =Configurações!$C$15 -> 0 | F83: Não verificado | G83: Não verificado | H83: Não verificado
A84: =DATE(Configurações!$B$3,7,4) -> 46207 | B84: =TEXT(A84,"ddd") -> sáb | C84: =Configurações!$A$16 -> CAM 10 | D84: =Configurações!$B$16 -> Câmera 10 | E84: =Configurações!$C$16 -> 0 | F84: Não verificado | G84: Não verificado | H84: Não verificado
A85: =DATE(Configurações!$B$3,7,4) -> 46207 | B85: =TEXT(A85,"ddd") -> sáb | C85: =Configurações!$A$17 -> CAM 11 | D85: =Configurações!$B$17 -> Câmera 11 | E85: =Configurações!$C$17 -> 0 | F85: Não verificado | G85: Não verificado | H85: Não verificado
A86: =DATE(Configurações!$B$3,7,4) -> 46207 | B86: =TEXT(A86,"ddd") -> sáb | C86: =Configurações!$A$18 -> CAM 12 | D86: =Configurações!$B$18 -> Câmera 12 | E86: =Configurações!$C$18 -> 0 | F86: Não verificado | G86: Não verificado | H86: Não verificado
A87: =DATE(Configurações!$B$3,7,4) -> 46207 | B87: =TEXT(A87,"ddd") -> sáb | C87: =Configurações!$A$19 -> CAM 13 | D87: =Configurações!$B$19 -> Câmera 13 | E87: =Configurações!$C$19 -> 0 | F87: Não verificado | G87: Não verificado | H87: Não verificado
A88: =DATE(Configurações!$B$3,7,4) -> 46207 | B88: =TEXT(A88,"ddd") -> sáb | C88: =Configurações!$A$20 -> CAM 14 | D88: =Configurações!$B$20 -> Reserva/Futura 01 | E88: =Configurações!$C$20 -> 0 | F88: Não verificado | G88: Não verificado | H88: Não verificado
A89: =DATE(Configurações!$B$3,7,4) -> 46207 | B89: =TEXT(A89,"ddd") -> sáb | C89: =Configurações!$A$21 -> CAM 15 | D89: =Configurações!$B$21 -> Reserva/Futura 02 | E89: =Configurações!$C$21 -> 0 | F89: Não verificado | G89: Não verificado | H89: Não verificado
A90: =DATE(Configurações!$B$3,7,4) -> 46207 | B90: =TEXT(A90,"ddd") -> sáb | C90: =Configurações!$A$22 -> CAM 16 | D90: =Configurações!$B$22 -> Reserva/Futura 03 | E90: =Configurações!$C$22 -> 0 | F90: Não verificado | G90: Não verificado | H90: Não verificado
A91: =DATE(Configurações!$B$3,7,4) -> 46207 | B91: =TEXT(A91,"ddd") -> sáb | C91: =Configurações!$A$23 -> CAM 17 | D91: =Configurações!$B$23 -> Reserva/Futura 04 | E91: =Configurações!$C$23 -> 0 | F91: Não verificado | G91: Não verificado | H91: Não verificado
A92: =DATE(Configurações!$B$3,7,4) -> 46207 | B92: =TEXT(A92,"ddd") -> sáb | C92: =Configurações!$A$24 -> CAM 18 | D92: =Configurações!$B$24 -> Reserva/Futura 05 | E92: =Configurações!$C$24 -> 0 | F92: Não verificado | G92: Não verificado | H92: Não verificado
A93: =DATE(Configurações!$B$3,7,4) -> 46207 | B93: =TEXT(A93,"ddd") -> sáb | C93: =Configurações!$A$25 -> CAM 19 | D93: =Configurações!$B$25 -> Reserva/Futura 06 | E93: =Configurações!$C$25 -> 0 | F93: Não verificado | G93: Não verificado | H93: Não verificado
A94: =DATE(Configurações!$B$3,7,4) -> 46207 | B94: =TEXT(A94,"ddd") -> sáb | C94: =Configurações!$A$26 -> CAM 20 | D94: =Configurações!$B$26 -> Reserva/Futura 07 | E94: =Configurações!$C$26 -> 0 | F94: Não verificado | G94: Não verificado | H94: Não verificado
A95: =DATE(Configurações!$B$3,7,4) -> 46207 | B95: =TEXT(A95,"ddd") -> sáb | C95: =Configurações!$A$27 -> CAM 21 | D95: =Configurações!$B$27 -> Reserva/Futura 08 | E95: =Configurações!$C$27 -> 0 | F95: Não verificado | G95: Não verificado | H95: Não verificado
A96: =DATE(Configurações!$B$3,7,4) -> 46207 | B96: =TEXT(A96,"ddd") -> sáb | C96: =Configurações!$A$28 -> CAM 22 | D96: =Configurações!$B$28 -> Reserva/Futura 09 | E96: =Configurações!$C$28 -> 0 | F96: Não verificado | G96: Não verificado | H96: Não verificado
A97: =DATE(Configurações!$B$3,7,4) -> 46207 | B97: =TEXT(A97,"ddd") -> sáb | C97: =Configurações!$A$29 -> CAM 23 | D97: =Configurações!$B$29 -> Reserva/Futura 10 | E97: =Configurações!$C$29 -> 0 | F97: Não verificado | G97: Não verificado | H97: Não verificado
A98: =DATE(Configurações!$B$3,7,5) -> 46208 | B98: =TEXT(A98,"ddd") -> dom | C98: =Configurações!$A$7 -> CAM 01 | D98: =Configurações!$B$7 -> BARU ANDES | E98: =Configurações!$C$7 -> 0 | F98: Não verificado | G98: Não verificado | H98: Não verificado
A99: =DATE(Configurações!$B$3,7,5) -> 46208 | B99: =TEXT(A99,"ddd") -> dom | C99: =Configurações!$A$8 -> CAM 02 | D99: =Configurações!$B$8 -> Câmera 02 | E99: =Configurações!$C$8 -> 0 | F99: Não verificado | G99: Não verificado | H99: Não verificado
A100: =DATE(Configurações!$B$3,7,5) -> 46208 | B100: =TEXT(A100,"ddd") -> dom | C100: =Configurações!$A$9 -> CAM 03 | D100: =Configurações!$B$9 -> Câmera 03 | E100: =Configurações!$C$9 -> 0 | F100: Não verificado | G100: Não verificado | H100: Não verificado
A101: =DATE(Configurações!$B$3,7,5) -> 46208 | B101: =TEXT(A101,"ddd") -> dom | C101: =Configurações!$A$10 -> CAM 04 | D101: =Configurações!$B$10 -> Câmera 04 | E101: =Configurações!$C$10 -> 0 | F101: Não verificado | G101: Não verificado | H101: Não verificado
...

Sheet Agosto
A1: CONTROLE DE MONITORAMENTO DE CÂMERAS - AGOSTO
A2: Status por horário: Online / Offline / Manutenção / Não verificado. Campo livre para evento técnico e comportamento do colaborador.
M4: RESUMO DO MÊS
A5: Data | B5: Dia | C5: ID | D5: Nome da Câmera | E5: Embarcação/Local | F5: 10:00 | G5: 13:00 | H5: 16:00 | I5: Evento Técnico Online/Offline | J5: Comportamento do Colaborador | K5: Responsável | M5: Indicador | N5: Total | O5: % | P5: Meta | Q5: Observação
A6: =DATE(Configurações!$B$3,8,1) -> 46235 | B6: =TEXT(A6,"ddd") -> sáb | C6: =Configurações!$A$7 -> CAM 01 | D6: =Configurações!$B$7 -> BARU ANDES | E6: =Configurações!$C$7 -> 0 | F6: Não verificado | G6: Não verificado | H6: Não verificado | M6: Online | N6: =COUNTIF(F6:H718,"Online") -> 0 | O6: =IFERROR(N6/(N6+N7+N8),0) -> 0 | P6: >=95%
A7: =DATE(Configurações!$B$3,8,1) -> 46235 | B7: =TEXT(A7,"ddd") -> sáb | C7: =Configurações!$A$8 -> CAM 02 | D7: =Configurações!$B$8 -> Câmera 02 | E7: =Configurações!$C$8 -> 0 | F7: Não verificado | G7: Não verificado | H7: Não verificado | M7: Offline | N7: =COUNTIF(F6:H718,"Offline") -> 0 | O7: =IFERROR(N7/(N6+N7+N8),0) -> 0 | P7: <=5%
A8: =DATE(Configurações!$B$3,8,1) -> 46235 | B8: =TEXT(A8,"ddd") -> sáb | C8: =Configurações!$A$9 -> CAM 03 | D8: =Configurações!$B$9 -> Câmera 03 | E8: =Configurações!$C$9 -> 0 | F8: Não verificado | G8: Não verificado | H8: Não verificado | M8: Manutenção | N8: =COUNTIF(F6:H718,"Manutenção") -> 0 | O8: =IFERROR(N8/(N6+N7+N8),0) -> 0
A9: =DATE(Configurações!$B$3,8,1) -> 46235 | B9: =TEXT(A9,"ddd") -> sáb | C9: =Configurações!$A$10 -> CAM 04 | D9: =Configurações!$B$10 -> Câmera 04 | E9: =Configurações!$C$10 -> 0 | F9: Não verificado | G9: Não verificado | H9: Não verificado | M9: Não verificado | N9: =COUNTIF(F6:H718,"Não verificado") -> 2139 | O9: =IFERROR(N9/(N6+N7+N8+N9),0) -> 1 | P9: zerar no fechamento
A10: =DATE(Configurações!$B$3,8,1) -> 46235 | B10: =TEXT(A10,"ddd") -> sáb | C10: =Configurações!$A$11 -> CAM 05 | D10: =Configurações!$B$11 -> Câmera 05 | E10: =Configurações!$C$11 -> 0 | F10: Não verificado | G10: Não verificado | H10: Não verificado | M10: Eventos registrados | N10: =COUNTA(I6:J718) -> 0
A11: =DATE(Configurações!$B$3,8,1) -> 46235 | B11: =TEXT(A11,"ddd") -> sáb | C11: =Configurações!$A$12 -> CAM 06 | D11: =Configurações!$B$12 -> Câmera 06 | E11: =Configurações!$C$12 -> 0 | F11: Não verificado | G11: Não verificado | H11: Não verificado
A12: =DATE(Configurações!$B$3,8,1) -> 46235 | B12: =TEXT(A12,"ddd") -> sáb | C12: =Configurações!$A$13 -> CAM 07 | D12: =Configurações!$B$13 -> Câmera 07 | E12: =Configurações!$C$13 -> 0 | F12: Não verificado | G12: Não verificado | H12: Não verificado
A13: =DATE(Configurações!$B$3,8,1) -> 46235 | B13: =TEXT(A13,"ddd") -> sáb | C13: =Configurações!$A$14 -> CAM 08 | D13: =Configurações!$B$14 -> Câmera 08 | E13: =Configurações!$C$14 -> 0 | F13: Não verificado | G13: Não verificado | H13: Não verificado
A14: =DATE(Configurações!$B$3,8,1) -> 46235 | B14: =TEXT(A14,"ddd") -> sáb | C14: =Configurações!$A$15 -> CAM 09 | D14: =Configurações!$B$15 -> Câmera 09 | E14: =Configurações!$C$15 -> 0 | F14: Não verificado | G14: Não verificado | H14: Não verificado
A15: =DATE(Configurações!$B$3,8,1) -> 46235 | B15: =TEXT(A15,"ddd") -> sáb | C15: =Configurações!$A$16 -> CAM 10 | D15: =Configurações!$B$16 -> Câmera 10 | E15: =Configurações!$C$16 -> 0 | F15: Não verificado | G15: Não verificado | H15: Não verificado
A16: =DATE(Configurações!$B$3,8,1) -> 46235 | B16: =TEXT(A16,"ddd") -> sáb | C16: =Configurações!$A$17 -> CAM 11 | D16: =Configurações!$B$17 -> Câmera 11 | E16: =Configurações!$C$17 -> 0 | F16: Não verificado | G16: Não verificado | H16: Não verificado
A17: =DATE(Configurações!$B$3,8,1) -> 46235 | B17: =TEXT(A17,"ddd") -> sáb | C17: =Configurações!$A$18 -> CAM 12 | D17: =Configurações!$B$18 -> Câmera 12 | E17: =Configurações!$C$18 -> 0 | F17: Não verificado | G17: Não verificado | H17: Não verificado
A18: =DATE(Configurações!$B$3,8,1) -> 46235 | B18: =TEXT(A18,"ddd") -> sáb | C18: =Configurações!$A$19 -> CAM 13 | D18: =Configurações!$B$19 -> Câmera 13 | E18: =Configurações!$C$19 -> 0 | F18: Não verificado | G18: Não verificado | H18: Não verificado
A19: =DATE(Configurações!$B$3,8,1) -> 46235 | B19: =TEXT(A19,"ddd") -> sáb | C19: =Configurações!$A$20 -> CAM 14 | D19: =Configurações!$B$20 -> Reserva/Futura 01 | E19: =Configurações!$C$20 -> 0 | F19: Não verificado | G19: Não verificado | H19: Não verificado
A20: =DATE(Configurações!$B$3,8,1) -> 46235 | B20: =TEXT(A20,"ddd") -> sáb | C20: =Configurações!$A$21 -> CAM 15 | D20: =Configurações!$B$21 -> Reserva/Futura 02 | E20: =Configurações!$C$21 -> 0 | F20: Não verificado | G20: Não verificado | H20: Não verificado
A21: =DATE(Configurações!$B$3,8,1) -> 46235 | B21: =TEXT(A21,"ddd") -> sáb | C21: =Configurações!$A$22 -> CAM 16 | D21: =Configurações!$B$22 -> Reserva/Futura 03 | E21: =Configurações!$C$22 -> 0 | F21: Não verificado | G21: Não verificado | H21: Não verificado
A22: =DATE(Configurações!$B$3,8,1) -> 46235 | B22: =TEXT(A22,"ddd") -> sáb | C22: =Configurações!$A$23 -> CAM 17 | D22: =Configurações!$B$23 -> Reserva/Futura 04 | E22: =Configurações!$C$23 -> 0 | F22: Não verificado | G22: Não verificado | H22: Não verificado
A23: =DATE(Configurações!$B$3,8,1) -> 46235 | B23: =TEXT(A23,"ddd") -> sáb | C23: =Configurações!$A$24 -> CAM 18 | D23: =Configurações!$B$24 -> Reserva/Futura 05 | E23: =Configurações!$C$24 -> 0 | F23: Não verificado | G23: Não verificado | H23: Não verificado
A24: =DATE(Configurações!$B$3,8,1) -> 46235 | B24: =TEXT(A24,"ddd") -> sáb | C24: =Configurações!$A$25 -> CAM 19 | D24: =Configurações!$B$25 -> Reserva/Futura 06 | E24: =Configurações!$C$25 -> 0 | F24: Não verificado | G24: Não verificado | H24: Não verificado
A25: =DATE(Configurações!$B$3,8,1) -> 46235 | B25: =TEXT(A25,"ddd") -> sáb | C25: =Configurações!$A$26 -> CAM 20 | D25: =Configurações!$B$26 -> Reserva/Futura 07 | E25: =Configurações!$C$26 -> 0 | F25: Não verificado | G25: Não verificado | H25: Não verificado
A26: =DATE(Configurações!$B$3,8,1) -> 46235 | B26: =TEXT(A26,"ddd") -> sáb | C26: =Configurações!$A$27 -> CAM 21 | D26: =Configurações!$B$27 -> Reserva/Futura 08 | E26: =Configurações!$C$27 -> 0 | F26: Não verificado | G26: Não verificado | H26: Não verificado
A27: =DATE(Configurações!$B$3,8,1) -> 46235 | B27: =TEXT(A27,"ddd") -> sáb | C27: =Configurações!$A$28 -> CAM 22 | D27: =Configurações!$B$28 -> Reserva/Futura 09 | E27: =Configurações!$C$28 -> 0 | F27: Não verificado | G27: Não verificado | H27: Não verificado
A28: =DATE(Configurações!$B$3,8,1) -> 46235 | B28: =TEXT(A28,"ddd") -> sáb | C28: =Configurações!$A$29 -> CAM 23 | D28: =Configurações!$B$29 -> Reserva/Futura 10 | E28: =Configurações!$C$29 -> 0 | F28: Não verificado | G28: Não verificado | H28: Não verificado
A29: =DATE(Configurações!$B$3,8,2) -> 46236 | B29: =TEXT(A29,"ddd") -> dom | C29: =Configurações!$A$7 -> CAM 01 | D29: =Configurações!$B$7 -> BARU ANDES | E29: =Configurações!$C$7 -> 0 | F29: Não verificado | G29: Não verificado | H29: Não verificado
A30: =DATE(Configurações!$B$3,8,2) -> 46236 | B30: =TEXT(A30,"ddd") -> dom | C30: =Configurações!$A$8 -> CAM 02 | D30: =Configurações!$B$8 -> Câmera 02 | E30: =Configurações!$C$8 -> 0 | F30: Não verificado | G30: Não verificado | H30: Não verificado
A31: =DATE(Configurações!$B$3,8,2) -> 46236 | B31: =TEXT(A31,"ddd") -> dom | C31: =Configurações!$A$9 -> CAM 03 | D31: =Configurações!$B$9 -> Câmera 03 | E31: =Configurações!$C$9 -> 0 | F31: Não verificado | G31: Não verificado | H31: Não verificado
A32: =DATE(Configurações!$B$3,8,2) -> 46236 | B32: =TEXT(A32,"ddd") -> dom | C32: =Configurações!$A$10 -> CAM 04 | D32: =Configurações!$B$10 -> Câmera 04 | E32: =Configurações!$C$10 -> 0 | F32: Não verificado | G32: Não verificado | H32: Não verificado
A33: =DATE(Configurações!$B$3,8,2) -> 46236 | B33: =TEXT(A33,"ddd") -> dom | C33: =Configurações!$A$11 -> CAM 05 | D33: =Configurações!$B$11 -> Câmera 05 | E33: =Configurações!$C$11 -> 0 | F33: Não verificado | G33: Não verificado | H33: Não verificado
A34: =DATE(Configurações!$B$3,8,2) -> 46236 | B34: =TEXT(A34,"ddd") -> dom | C34: =Configurações!$A$12 -> CAM 06 | D34: =Configurações!$B$12 -> Câmera 06 | E34: =Configurações!$C$12 -> 0 | F34: Não verificado | G34: Não verificado | H34: Não verificado
A35: =DATE(Configurações!$B$3,8,2) -> 46236 | B35: =TEXT(A35,"ddd") -> dom | C35: =Configurações!$A$13 -> CAM 07 | D35: =Configurações!$B$13 -> Câmera 07 | E35: =Configurações!$C$13 -> 0 | F35: Não verificado | G35: Não verificado | H35: Não verificado
A36: =DATE(Configurações!$B$3,8,2) -> 46236 | B36: =TEXT(A36,"ddd") -> dom | C36: =Configurações!$A$14 -> CAM 08 | D36: =Configurações!$B$14 -> Câmera 08 | E36: =Configurações!$C$14 -> 0 | F36: Não verificado | G36: Não verificado | H36: Não verificado
A37: =DATE(Configurações!$B$3,8,2) -> 46236 | B37: =TEXT(A37,"ddd") -> dom | C37: =Configurações!$A$15 -> CAM 09 | D37: =Configurações!$B$15 -> Câmera 09 | E37: =Configurações!$C$15 -> 0 | F37: Não verificado | G37: Não verificado | H37: Não verificado
A38: =DATE(Configurações!$B$3,8,2) -> 46236 | B38: =TEXT(A38,"ddd") -> dom | C38: =Configurações!$A$16 -> CAM 10 | D38: =Configurações!$B$16 -> Câmera 10 | E38: =Configurações!$C$16 -> 0 | F38: Não verificado | G38: Não verificado | H38: Não verificado
A39: =DATE(Configurações!$B$3,8,2) -> 46236 | B39: =TEXT(A39,"ddd") -> dom | C39: =Configurações!$A$17 -> CAM 11 | D39: =Configurações!$B$17 -> Câmera 11 | E39: =Configurações!$C$17 -> 0 | F39: Não verificado | G39: Não verificado | H39: Não verificado
A40: =DATE(Configurações!$B$3,8,2) -> 46236 | B40: =TEXT(A40,"ddd") -> dom | C40: =Configurações!$A$18 -> CAM 12 | D40: =Configurações!$B$18 -> Câmera 12 | E40: =Configurações!$C$18 -> 0 | F40: Não verificado | G40: Não verificado | H40: Não verificado
A41: =DATE(Configurações!$B$3,8,2) -> 46236 | B41: =TEXT(A41,"ddd") -> dom | C41: =Configurações!$A$19 -> CAM 13 | D41: =Configurações!$B$19 -> Câmera 13 | E41: =Configurações!$C$19 -> 0 | F41: Não verificado | G41: Não verificado | H41: Não verificado
A42: =DATE(Configurações!$B$3,8,2) -> 46236 | B42: =TEXT(A42,"ddd") -> dom | C42: =Configurações!$A$20 -> CAM 14 | D42: =Configurações!$B$20 -> Reserva/Futura 01 | E42: =Configurações!$C$20 -> 0 | F42: Não verificado | G42: Não verificado | H42: Não verificado
A43: =DATE(Configurações!$B$3,8,2) -> 46236 | B43: =TEXT(A43,"ddd") -> dom | C43: =Configurações!$A$21 -> CAM 15 | D43: =Configurações!$B$21 -> Reserva/Futura 02 | E43: =Configurações!$C$21 -> 0 | F43: Não verificado | G43: Não verificado | H43: Não verificado
A44: =DATE(Configurações!$B$3,8,2) -> 46236 | B44: =TEXT(A44,"ddd") -> dom | C44: =Configurações!$A$22 -> CAM 16 | D44: =Configurações!$B$22 -> Reserva/Futura 03 | E44: =Configurações!$C$22 -> 0 | F44: Não verificado | G44: Não verificado | H44: Não verificado
A45: =DATE(Configurações!$B$3,8,2) -> 46236 | B45: =TEXT(A45,"ddd") -> dom | C45: =Configurações!$A$23 -> CAM 17 | D45: =Configurações!$B$23 -> Reserva/Futura 04 | E45: =Configurações!$C$23 -> 0 | F45: Não verificado | G45: Não verificado | H45: Não verificado
A46: =DATE(Configurações!$B$3,8,2) -> 46236 | B46: =TEXT(A46,"ddd") -> dom | C46: =Configurações!$A$24 -> CAM 18 | D46: =Configurações!$B$24 -> Reserva/Futura 05 | E46: =Configurações!$C$24 -> 0 | F46: Não verificado | G46: Não verificado | H46: Não verificado
A47: =DATE(Configurações!$B$3,8,2) -> 46236 | B47: =TEXT(A47,"ddd") -> dom | C47: =Configurações!$A$25 -> CAM 19 | D47: =Configurações!$B$25 -> Reserva/Futura 06 | E47: =Configurações!$C$25 -> 0 | F47: Não verificado | G47: Não verificado | H47: Não verificado
A48: =DATE(Configurações!$B$3,8,2) -> 46236 | B48: =TEXT(A48,"ddd") -> dom | C48: =Configurações!$A$26 -> CAM 20 | D48: =Configurações!$B$26 -> Reserva/Futura 07 | E48: =Configurações!$C$26 -> 0 | F48: Não verificado | G48: Não verificado | H48: Não verificado
A49: =DATE(Configurações!$B$3,8,2) -> 46236 | B49: =TEXT(A49,"ddd") -> dom | C49: =Configurações!$A$27 -> CAM 21 | D49: =Configurações!$B$27 -> Reserva/Futura 08 | E49: =Configurações!$C$27 -> 0 | F49: Não verificado | G49: Não verificado | H49: Não verificado
A50: =DATE(Configurações!$B$3,8,2) -> 46236 | B50: =TEXT(A50,"ddd") -> dom | C50: =Configurações!$A$28 -> CAM 22 | D50: =Configurações!$B$28 -> Reserva/Futura 09 | E50: =Configurações!$C$28 -> 0 | F50: Não verificado | G50: Não verificado | H50: Não verificado
A51: =DATE(Configurações!$B$3,8,2) -> 46236 | B51: =TEXT(A51,"ddd") -> dom | C51: =Configurações!$A$29 -> CAM 23 | D51: =Configurações!$B$29 -> Reserva/Futura 10 | E51: =Configurações!$C$29 -> 0 | F51: Não verificado | G51: Não verificado | H51: Não verificado
A52: =DATE(Configurações!$B$3,8,3) -> 46237 | B52: =TEXT(A52,"ddd") -> seg | C52: =Configurações!$A$7 -> CAM 01 | D52: =Configurações!$B$7 -> BARU ANDES | E52: =Configurações!$C$7 -> 0 | F52: Não verificado | G52: Não verificado | H52: Não verificado
A53: =DATE(Configurações!$B$3,8,3) -> 46237 | B53: =TEXT(A53,"ddd") -> seg | C53: =Configurações!$A$8 -> CAM 02 | D53: =Configurações!$B$8 -> Câmera 02 | E53: =Configurações!$C$8 -> 0 | F53: Não verificado | G53: Não verificado | H53: Não verificado
A54: =DATE(Configurações!$B$3,8,3) -> 46237 | B54: =TEXT(A54,"ddd") -> seg | C54: =Configurações!$A$9 -> CAM 03 | D54: =Configurações!$B$9 -> Câmera 03 | E54: =Configurações!$C$9 -> 0 | F54: Não verificado | G54: Não verificado | H54: Não verificado
A55: =DATE(Configurações!$B$3,8,3) -> 46237 | B55: =TEXT(A55,"ddd") -> seg | C55: =Configurações!$A$10 -> CAM 04 | D55: =Configurações!$B$10 -> Câmera 04 | E55: =Configurações!$C$10 -> 0 | F55: Não verificado | G55: Não verificado | H55: Não verificado
A56: =DATE(Configurações!$B$3,8,3) -> 46237 | B56: =TEXT(A56,"ddd") -> seg | C56: =Configurações!$A$11 -> CAM 05 | D56: =Configurações!$B$11 -> Câmera 05 | E56: =Configurações!$C$11 -> 0 | F56: Não verificado | G56: Não verificado | H56: Não verificado
A57: =DATE(Configurações!$B$3,8,3) -> 46237 | B57: =TEXT(A57,"ddd") -> seg | C57: =Configurações!$A$12 -> CAM 06 | D57: =Configurações!$B$12 -> Câmera 06 | E57: =Configurações!$C$12 -> 0 | F57: Não verificado | G57: Não verificado | H57: Não verificado
A58: =DATE(Configurações!$B$3,8,3) -> 46237 | B58: =TEXT(A58,"ddd") -> seg | C58: =Configurações!$A$13 -> CAM 07 | D58: =Configurações!$B$13 -> Câmera 07 | E58: =Configurações!$C$13 -> 0 | F58: Não verificado | G58: Não verificado | H58: Não verificado
A59: =DATE(Configurações!$B$3,8,3) -> 46237 | B59: =TEXT(A59,"ddd") -> seg | C59: =Configurações!$A$14 -> CAM 08 | D59: =Configurações!$B$14 -> Câmera 08 | E59: =Configurações!$C$14 -> 0 | F59: Não verificado | G59: Não verificado | H59: Não verificado
A60: =DATE(Configurações!$B$3,8,3) -> 46237 | B60: =TEXT(A60,"ddd") -> seg | C60: =Configurações!$A$15 -> CAM 09 | D60: =Configurações!$B$15 -> Câmera 09 | E60: =Configurações!$C$15 -> 0 | F60: Não verificado | G60: Não verificado | H60: Não verificado
A61: =DATE(Configurações!$B$3,8,3) -> 46237 | B61: =TEXT(A61,"ddd") -> seg | C61: =Configurações!$A$16 -> CAM 10 | D61: =Configurações!$B$16 -> Câmera 10 | E61: =Configurações!$C$16 -> 0 | F61: Não verificado | G61: Não verificado | H61: Não verificado
A62: =DATE(Configurações!$B$3,8,3) -> 46237 | B62: =TEXT(A62,"ddd") -> seg | C62: =Configurações!$A$17 -> CAM 11 | D62: =Configurações!$B$17 -> Câmera 11 | E62: =Configurações!$C$17 -> 0 | F62: Não verificado | G62: Não verificado | H62: Não verificado
